n,r,m
"(:Entity {community_id: 1, entity_type: AtmosphericPattern, aliases: [AA, Arctic Amplification], occurrence_count: 14, betweenness_centrality: 0.02395488, closeness_centrality: 0.3358042, name: AA, pages_pdf: [16, 26, 27, 53, 74, 89, 120, 125], degree_centrality: 0.09230769, label: Arctic Amplification, synced_at: 2026-08-01T09:15:28.915000000Z})","[:INFLUENCES {original_predicate: MAY_INCREASE, confidence: 0.95, extraction_method: verified_evaluation_annotation, excerpt: Arctic amplification (AA) is a mechanism that may lead to an increase in severe winter weather in the midlatitudes (Cohen et al., 2014; Francis et al., 2018; Francis and Vavrus, 2012; Vavrus, 2018), but its potential effect is intertwined with other hemispheric drivers of decadal variability, and the quantification of its influence remains debated (Blackport and Screen, 2020; Cohen et al., 2020; Francis, 2017)., page_pdf: 53, page_these: 38, chunk_id: paragraph_based_00235, synced_at: 2026-08-01T09:15:29.176000000Z, relation_id: verified_rel_005}]","(:Entity {community_id: 1, entity_type: Concept, aliases: [conditions hivernales severes aux moyennes latitudes], occurrence_count: 0, betweenness_centrality: 0.0, closeness_centrality: 0.23378773, name: conditions hivernales severes aux moyennes latitudes, pages_pdf: [], degree_centrality: 0.01538462, label: conditions hivernales severes aux moyennes latitudes, synced_at: 2026-08-01T09:15:28.915000000Z})"
"(:Entity {community_id: 1, entity_type: AtmosphericPattern, aliases: [AA, Arctic Amplification], occurrence_count: 14, betweenness_centrality: 0.02395488, closeness_centrality: 0.3358042, name: AA, pages_pdf: [16, 26, 27, 53, 74, 89, 120, 125], degree_centrality: 0.09230769, label: Arctic Amplification, synced_at: 2026-08-01T09:15:28.915000000Z})","[:CO_OCCURS_WITH {occurrence_count: 2, confidence: 0.537889, extraction_method: gazetteer_cooccurrence, excerpt: Nevertheless, there are uncertainties surrounding the impact of Arctic amplification and the Atlantic Meridional Overturning Circulation (AMOC) on cold extremes. For instance, these phenomena could increase the meanders of the jet stream, leading to more frequent and intense cold spells (Geen et al., 2023), although th, page_pdf: 89, page_these: 74, chunk_id: paragraph_based_00470, synced_at: 2026-08-01T09:15:29.960000000Z, relation_id: cooccur_0108}]","(:Entity {community_id: 1, entity_type: AtmosphericPattern, aliases: [AMOC, Atlantic Meridional Overturning Circulation], occurrence_count: 7, betweenness_centrality: 0.0, closeness_centrality: 0.32120401, name: AMOC, pages_pdf: [16, 25, 27, 28, 89, 125], degree_centrality: 0.03076923, label: Atlantic Meridional Overturning Circulation, synced_at: 2026-08-01T09:15:28.915000000Z})"
"(:Entity {community_id: 1, entity_type: AtmosphericPattern, aliases: [AA, Arctic Amplification], occurrence_count: 14, betweenness_centrality: 0.02395488, closeness_centrality: 0.3358042, name: AA, pages_pdf: [16, 26, 27, 53, 74, 89, 120, 125], degree_centrality: 0.09230769, label: Arctic Amplification, synced_at: 2026-08-01T09:15:28.915000000Z})","[:CO_OCCURS_WITH {occurrence_count: 3, confidence: 0.560904, extraction_method: gazetteer_cooccurrence, excerpt: In Europe, Francis and Vavrus (2012) first proposed that AA and the subsequent sea-ice loss would lead to a slower eastward propagation of Rossby waves, due to weakened zonal winds and increased wave amplitude. This mechanism could potentially cause an increase in extreme events, including cold spells, due to prolonged, page_pdf: 26, page_these: 11, chunk_id: paragraph_based_00089, synced_at: 2026-08-01T09:15:29.960000000Z, relation_id: cooccur_0079}]","(:Entity {community_id: 1, entity_type: Location, aliases: [Europe], occurrence_count: 106, betweenness_centrality: 0.22304753, closeness_centrality: 0.53534002, name: Europe, pages_pdf: [6, 7, 9, 16, 19, 20, 21, 22, 23, 24, 25, 26, 27, 28, 31, 36, 37, 48, 50, 51, 52, 53, 55, 59, 60, 67, 68, 69, 70, 71, 72, 73, 74, 75, 76, 78, 79, 80, 83, 86, 88, 89, 91, 96, 101, 102, 105, 107, 108, 109, 119, 120, 122, 123, 124, 125, 126, 144, 145, 147], degree_centrality: 0.47692308, label: Europe, synced_at: 2026-08-01T09:15:28.915000000Z})"
"(:Entity {community_id: 1, entity_type: AtmosphericPattern, aliases: [AA, Arctic Amplification], occurrence_count: 14, betweenness_centrality: 0.02395488, closeness_centrality: 0.3358042, name: AA, pages_pdf: [16, 26, 27, 53, 74, 89, 120, 125], degree_centrality: 0.09230769, label: Arctic Amplification, synced_at: 2026-08-01T09:15:28.915000000Z})","[:CO_OCCURS_WITH {occurrence_count: 2, confidence: 0.537889, extraction_method: gazetteer_cooccurrence, excerpt: However, uncertainties remain about the potential dynamical effects of climate change on severe winter midlatitude weather (Cohen et al., 2020; Horton et al., 2015; Overland et al., 2016; Shepherd, 2015). Arctic amplification (AA) is a mechanism that may lead to an increase in severe winter weather in the midlatitudes , page_pdf: 53, page_these: 38, chunk_id: paragraph_based_00235, synced_at: 2026-08-01T09:15:29.960000000Z, relation_id: cooccur_0109}]","(:Entity {community_id: 11, entity_type: Location, aliases: [France], occurrence_count: 88, betweenness_centrality: 0.03731467, closeness_centrality: 0.45603039, name: France, pages_pdf: [7, 8, 19, 20, 23, 25, 28, 31, 40, 46, 50, 51, 52, 53, 54, 55, 59, 60, 61, 62, 64, 68, 75, 83, 84, 86, 87, 88, 89, 90, 91, 92, 93, 95, 96, 97, 99, 101, 105, 107, 108, 119, 120, 123, 125, 126, 144, 145, 147, 175], degree_centrality: 0.30769231, label: France, synced_at: 2026-08-01T09:15:28.915000000Z})"
"(:Entity {community_id: 1, entity_type: AtmosphericPattern, aliases: [AA, Arctic Amplification], occurrence_count: 14, betweenness_centrality: 0.02395488, closeness_centrality: 0.3358042, name: AA, pages_pdf: [16, 26, 27, 53, 74, 89, 120, 125], degree_centrality: 0.09230769, label: Arctic Amplification, synced_at: 2026-08-01T09:15:28.915000000Z})","[:CO_OCCURS_WITH {occurrence_count: 2, confidence: 0.537889, extraction_method: gazetteer_cooccurrence, excerpt: The direct thermodynamical warming is expected to be further amplified by feedbacks such as snow-albedo effects and because of the weakening of cold air advection in the mid-latitudes due to Arctic amplification, which acts to also reduce mid-latitude wintertime temperature variance (Screen, 2014; Schneider et al., 201, page_pdf: 74, page_these: 59, chunk_id: paragraph_based_00391, synced_at: 2026-08-01T09:15:29.960000000Z, relation_id: cooccur_0110}]","(:Entity {community_id: 5, entity_type: AtmosphericPattern, aliases: [atmospheric circulation], occurrence_count: 56, betweenness_centrality: 0.02913925, closeness_centrality: 0.43974359, name: atmospheric circulation, pages_pdf: [21, 25, 31, 35, 36, 37, 40, 46, 52, 56, 61, 69, 70, 71, 72, 73, 74, 75, 76, 77, 79, 83, 87, 88, 91, 93, 95, 96, 97, 99, 101, 103, 105, 107, 108, 122, 123], degree_centrality: 0.27692308, label: atmospheric circulation, synced_at: 2026-08-01T09:15:28.915000000Z})"
"(:Entity {community_id: 1, entity_type: AtmosphericPattern, aliases: [AA, Arctic Amplification], occurrence_count: 14, betweenness_centrality: 0.02395488, closeness_centrality: 0.3358042, name: AA, pages_pdf: [16, 26, 27, 53, 74, 89, 120, 125], degree_centrality: 0.09230769, label: Arctic Amplification, synced_at: 2026-08-01T09:15:28.915000000Z})","[:CO_OCCURS_WITH {occurrence_count: 2, confidence: 0.537889, extraction_method: gazetteer_cooccurrence, excerpt: In response, Wallace et al. (2014) argued that, despite the possibility of such linkages, cold air outbreaks in the mid-latitudes and the recently observed decrease in the rate of cold records relative to hot ones are not incompatible with global warming. Therefore, these events should not be the central focus of the c, page_pdf: 26, page_these: 11, chunk_id: paragraph_based_00090, synced_at: 2026-08-01T09:15:29.960000000Z, relation_id: cooccur_0111}]","(:Entity {community_id: 1, entity_type: AtmosphericPattern, aliases: [jet stream], occurrence_count: 8, betweenness_centrality: 0.00660256, closeness_centrality: 0.35517751, name: jet stream, pages_pdf: [20, 21, 22, 26, 69, 89], degree_centrality: 0.12307692, label: jet stream, synced_at: 2026-08-01T09:15:28.915000000Z})"
"(:Entity {community_id: 1, entity_type: AtmosphericPattern, aliases: [AMOC, Atlantic Meridional Overturning Circulation], occurrence_count: 7, betweenness_centrality: 0.0, closeness_centrality: 0.32120401, name: AMOC, pages_pdf: [16, 25, 27, 28, 89, 125], degree_centrality: 0.03076923, label: Atlantic Meridional Overturning Circulation, synced_at: 2026-08-01T09:15:28.915000000Z})","[:CO_OCCURS_WITH {occurrence_count: 2, confidence: 0.537889, extraction_method: gazetteer_cooccurrence, excerpt: However, the study also warns about the capacity of models to accurately reproduce the frequency of CAOs in the North Atlantic, supposedly because of the modelling of complex processes such as the Atlantic Meridional Overturning Circulation (AMOC). In Western Europe, De Vries et al. (2012) state that the intensity of c, page_pdf: 25, page_these: 10, chunk_id: paragraph_based_00081, synced_at: 2026-08-01T09:15:29.960000000Z, relation_id: cooccur_0112}]","(:Entity {community_id: 1, entity_type: Location, aliases: [Europe], occurrence_count: 106, betweenness_centrality: 0.22304753, closeness_centrality: 0.53534002, name: Europe, pages_pdf: [6, 7, 9, 16, 19, 20, 21, 22, 23, 24, 25, 26, 27, 28, 31, 36, 37, 48, 50, 51, 52, 53, 55, 59, 60, 67, 68, 69, 70, 71, 72, 73, 74, 75, 76, 78, 79, 80, 83, 86, 88, 89, 91, 96, 101, 102, 105, 107, 108, 109, 119, 120, 122, 123, 124, 125, 126, 144, 145, 147], degree_centrality: 0.47692308, label: Europe, synced_at: 2026-08-01T09:15:28.915000000Z})"
"(:Entity {community_id: 5, entity_type: Concept, aliases: [AR6, Sixth Assessment Report], occurrence_count: 2, betweenness_centrality: 0.0, closeness_centrality: 0.19339509, name: AR6, pages_pdf: [24, 79], degree_centrality: 0.01538462, label: Sixth Assessment Report, synced_at: 2026-08-01T09:15:28.915000000Z})","[:CO_OCCURS_WITH {occurrence_count: 2, confidence: 0.537889, extraction_method: gazetteer_cooccurrence, excerpt: Extreme cold events are projected to further decrease with global warming (Seneviratne et al. 2021; Committee on Extreme Weather Events and Climate Change Attribution et al. 2016). With increasing warming levels, as stated in the IPCC AR6: ""the frequency and intensity of [. . . ] cold extremes will continue to decrease, page_pdf: 24, page_these: 9, chunk_id: paragraph_based_00076, synced_at: 2026-08-01T09:15:29.960000000Z, relation_id: cooccur_0113}]","(:Entity {community_id: 5, entity_type: Organization, aliases: [IPCC, Intergovernmental Panel on Climate Change], occurrence_count: 6, betweenness_centrality: 0.02307692, closeness_centrality: 0.25831092, name: IPCC, pages_pdf: [17, 24, 36, 79], degree_centrality: 0.03076923, label: Intergovernmental Panel on Climate Change, synced_at: 2026-08-01T09:15:28.915000000Z})"
"(:Entity {community_id: 1, entity_type: Concept, aliases: [Atlantic ridge], occurrence_count: 2, betweenness_centrality: 0.0, closeness_centrality: 0.2619749, name: Atlantic ridge, pages_pdf: [21, 59], degree_centrality: 0.03076923, label: Atlantic ridge, synced_at: 2026-08-01T09:15:28.915000000Z})","[:CO_OCCURS_WITH {occurrence_count: 2, confidence: 0.537889, extraction_method: gazetteer_cooccurrence, excerpt: The jet stream is tightly linked to weather regimes, which are major drivers of midlatitude weather. Weather regime patterns are defined as recurrent and persistent circulation anomalies, in other words, quasi-stationary states of the atmosphere (Hannachi et al. 2017). They are obtained through statistical analysis (us, page_pdf: 21, page_these: 6, chunk_id: paragraph_based_00062, synced_at: 2026-08-01T09:15:29.960000000Z, relation_id: cooccur_0114}]","(:Entity {community_id: 1, entity_type: AtmosphericPattern, aliases: [NAO, North Atlantic Oscillation], occurrence_count: 18, betweenness_centrality: 0.03032069, closeness_centrality: 0.39296236, name: NAO, pages_pdf: [21, 22, 26, 27, 38, 53, 59, 69, 89, 96, 97, 103, 105, 108, 125], degree_centrality: 0.2, label: North Atlantic Oscillation, synced_at: 2026-08-01T09:15:28.915000000Z})"
"(:Entity {community_id: 1, entity_type: Concept, aliases: [Atlantic ridge], occurrence_count: 2, betweenness_centrality: 0.0, closeness_centrality: 0.2619749, name: Atlantic ridge, pages_pdf: [21, 59], degree_centrality: 0.03076923, label: Atlantic ridge, synced_at: 2026-08-01T09:15:28.915000000Z})","[:CO_OCCURS_WITH {occurrence_count: 2, confidence: 0.537889, extraction_method: gazetteer_cooccurrence, excerpt: The jet stream is tightly linked to weather regimes, which are major drivers of midlatitude weather. Weather regime patterns are defined as recurrent and persistent circulation anomalies, in other words, quasi-stationary states of the atmosphere (Hannachi et al. 2017). They are obtained through statistical analysis (us, page_pdf: 21, page_these: 6, chunk_id: paragraph_based_00062, synced_at: 2026-08-01T09:15:29.960000000Z, relation_id: cooccur_0115}]","(:Entity {community_id: 1, entity_type: AtmosphericPattern, aliases: [NAO-, Negative Phase of the NAO], occurrence_count: 4, betweenness_centrality: 0.00349817, closeness_centrality: 0.32402159, name: NAO-, pages_pdf: [21, 26, 59, 89], degree_centrality: 0.04615385, label: Negative Phase of the NAO, synced_at: 2026-08-01T09:15:28.915000000Z})"
"(:Entity {community_id: 1, entity_type: ClimateEvent, aliases: [CAO, Cold Air Outbreak], occurrence_count: 3, betweenness_centrality: 0.0, closeness_centrality: 0.31843501, name: CAO, pages_pdf: [24, 26, 69], degree_centrality: 0.03076923, label: Cold Air Outbreak, synced_at: 2026-08-01T09:15:28.915000000Z})","[:CO_OCCURS_WITH {occurrence_count: 2, confidence: 0.537889, extraction_method: gazetteer_cooccurrence, excerpt: a warming rate three to five times higher than the warming rate of mean global temperature from 1900 to 2018. Both Vavrus et al. (2006) and Smith and Sheridan (2020) demonstrated a decrease in the frequency of cold air outbreaks (CAOs) in Europe. Statistics for the entire winter season (DJF) also indicate a decrease in, page_pdf: 24, page_these: 9, chunk_id: paragraph_based_00072, synced_at: 2026-08-01T09:15:29.960000000Z, relation_id: cooccur_0116}]","(:Entity {community_id: 1, entity_type: Location, aliases: [Europe], occurrence_count: 106, betweenness_centrality: 0.22304753, closeness_centrality: 0.53534002, name: Europe, pages_pdf: [6, 7, 9, 16, 19, 20, 21, 22, 23, 24, 25, 26, 27, 28, 31, 36, 37, 48, 50, 51, 52, 53, 55, 59, 60, 67, 68, 69, 70, 71, 72, 73, 74, 75, 76, 78, 79, 80, 83, 86, 88, 89, 91, 96, 101, 102, 105, 107, 108, 109, 119, 120, 122, 123, 124, 125, 126, 144, 145, 147], degree_centrality: 0.47692308, label: Europe, synced_at: 2026-08-01T09:15:28.915000000Z})"
"(:Entity {community_id: 1, entity_type: ClimateEvent, aliases: [CAO, Cold Air Outbreak], occurrence_count: 3, betweenness_centrality: 0.0, closeness_centrality: 0.31843501, name: CAO, pages_pdf: [24, 26, 69], degree_centrality: 0.03076923, label: Cold Air Outbreak, synced_at: 2026-08-01T09:15:28.915000000Z})","[:CO_OCCURS_WITH {occurrence_count: 2, confidence: 0.537889, extraction_method: gazetteer_cooccurrence, excerpt: In response, Wallace et al. (2014) argued that, despite the possibility of such linkages, cold air outbreaks in the mid-latitudes and the recently observed decrease in the rate of cold records relative to hot ones are not incompatible with global warming. Therefore, these events should not be the central focus of the c, page_pdf: 26, page_these: 11, chunk_id: paragraph_based_00090, synced_at: 2026-08-01T09:15:29.960000000Z, relation_id: cooccur_0117}]","(:Entity {community_id: 1, entity_type: AtmosphericPattern, aliases: [jet stream], occurrence_count: 8, betweenness_centrality: 0.00660256, closeness_centrality: 0.35517751, name: jet stream, pages_pdf: [20, 21, 22, 26, 69, 89], degree_centrality: 0.12307692, label: jet stream, synced_at: 2026-08-01T09:15:28.915000000Z})"
"(:Entity {community_id: 3, entity_type: Dataset, aliases: [CMIP, Coupled Model Intercomparison Project], occurrence_count: 3, betweenness_centrality: 0.0, closeness_centrality: 0.26384615, name: CMIP, pages_pdf: [24, 53, 61], degree_centrality: 0.01538462, label: Coupled Model Intercomparison Project, synced_at: 2026-08-01T09:15:28.915000000Z})","[:CO_OCCURS_WITH {occurrence_count: 3, confidence: 0.560904, extraction_method: gazetteer_cooccurrence, excerpt: The future evolution of climate under increasing greenhouse gas concentrations is generally assessed through general circulation models (GCMs), which model the atmosphere, ocean, cryosphere, and land surface, as well as their interactions. Many research institutes around the world develop their own GCMs. They collabora, page_pdf: 24, page_these: 9, chunk_id: paragraph_based_00077, synced_at: 2026-08-01T09:15:29.960000000Z, relation_id: cooccur_0080}]","(:Entity {community_id: 3, entity_type: Dataset, aliases: [CMIP6, Coupled Model Intercomparison Project (Phase 6)], occurrence_count: 54, betweenness_centrality: 0.05655597, closeness_centrality: 0.40150502, name: CMIP6, pages_pdf: [24, 25, 53, 61, 73, 86, 87, 88, 90, 91, 92, 93, 94, 97, 98, 99, 100, 101, 102, 105, 106, 107, 108, 119, 120, 123, 124, 125, 175], degree_centrality: 0.23076923, label: Coupled Model Intercomparison Project (Phase 6), synced_at: 2026-08-01T09:15:28.915000000Z})"
"(:Entity {community_id: 3, entity_type: Dataset, aliases: [CMIP5, Coupled Model Intercomparison Project (Phase 5)], occurrence_count: 2, betweenness_centrality: 0.0, closeness_centrality: 0.26384615, name: CMIP5, pages_pdf: [24, 25], degree_centrality: 0.01538462, label: Coupled Model Intercomparison Project (Phase 5), synced_at: 2026-08-01T09:15:28.915000000Z})","[:CO_OCCURS_WITH {occurrence_count: 2, confidence: 0.537889, extraction_method: gazetteer_cooccurrence, excerpt: Thorarinsdottir et al. (2020) conducted an evaluation of model performances for the simulation of extreme events by comparing monthly minimum and maximum temperature distributions between CMIP5, CMIP6, and several reanalysis and observational products. The study demonstrates that CMIP6 models perform well compared to E, page_pdf: 24, page_these: 9, chunk_id: paragraph_based_00079, synced_at: 2026-08-01T09:15:29.960000000Z, relation_id: cooccur_0118}]","(:Entity {community_id: 3, entity_type: Dataset, aliases: [CMIP6, Coupled Model Intercomparison Project (Phase 6)], occurrence_count: 54, betweenness_centrality: 0.05655597, closeness_centrality: 0.40150502, name: CMIP6, pages_pdf: [24, 25, 53, 61, 73, 86, 87, 88, 90, 91, 92, 93, 94, 97, 98, 99, 100, 101, 102, 105, 106, 107, 108, 119, 120, 123, 124, 125, 175], degree_centrality: 0.23076923, label: Coupled Model Intercomparison Project (Phase 6), synced_at: 2026-08-01T09:15:28.915000000Z})"
"(:Entity {community_id: 3, entity_type: Dataset, aliases: [CMIP6, Coupled Model Intercomparison Project (Phase 6)], occurrence_count: 54, betweenness_centrality: 0.05655597, closeness_centrality: 0.40150502, name: CMIP6, pages_pdf: [24, 25, 53, 61, 73, 86, 87, 88, 90, 91, 92, 93, 94, 97, 98, 99, 100, 101, 102, 105, 106, 107, 108, 119, 120, 123, 124, 125, 175], degree_centrality: 0.23076923, label: Coupled Model Intercomparison Project (Phase 6), synced_at: 2026-08-01T09:15:28.915000000Z})","[:CO_OCCURS_WITH {occurrence_count: 8, confidence: 0.625778, extraction_method: gazetteer_cooccurrence, excerpt: Here, we first analyse a 30-member CESM2 initial condition large ensemble (""CESM2-ETH"" from now onwards), which spans the time period from 2005 to 2035. The ensemble thus encompasses 900 winter seasons (DJF) and is bit-bybit reproducible, which is a requirement for climate model boosting. The CESM2 simulations are forc, page_pdf: 73, page_these: 58, chunk_id: paragraph_based_00385, synced_at: 2026-08-01T09:15:29.960000000Z, relation_id: cooccur_0038}]","(:Entity {community_id: 11, entity_type: Period, aliases: [DJF, December-January-February], occurrence_count: 43, betweenness_centrality: 0.00394188, closeness_centrality: 0.38080888, name: DJF, pages_pdf: [19, 24, 45, 50, 53, 54, 55, 57, 59, 60, 68, 69, 70, 71, 72, 73, 74, 91, 92, 93, 98, 99, 100, 105, 106, 124, 196, 197, 198, 199, 200, 201, 202, 203, 204, 205], degree_centrality: 0.15384615, label: December-January-February, synced_at: 2026-08-01T09:15:28.915000000Z})"
"(:Entity {community_id: 3, entity_type: Dataset, aliases: [CMIP6, Coupled Model Intercomparison Project (Phase 6)], occurrence_count: 54, betweenness_centrality: 0.05655597, closeness_centrality: 0.40150502, name: CMIP6, pages_pdf: [24, 25, 53, 61, 73, 86, 87, 88, 90, 91, 92, 93, 94, 97, 98, 99, 100, 101, 102, 105, 106, 107, 108, 119, 120, 123, 124, 125, 175], degree_centrality: 0.23076923, label: Coupled Model Intercomparison Project (Phase 6), synced_at: 2026-08-01T09:15:28.915000000Z})","[:CO_OCCURS_WITH {occurrence_count: 6, confidence: 0.605673, extraction_method: gazetteer_cooccurrence, excerpt: Abstract. Cold extremes significantly impact society, causing excess mortality, strain on healthcare systems, and increased demand on the energy system. With global warming, these extremes are expected to decrease, as observed in various indicators. This study simulates extreme cold spells of 15 days using a Stochastic, page_pdf: 88, page_these: 73, chunk_id: paragraph_based_00462, synced_at: 2026-08-01T09:15:29.960000000Z, relation_id: cooccur_0048}]","(:Entity {community_id: 1, entity_type: Location, aliases: [Europe], occurrence_count: 106, betweenness_centrality: 0.22304753, closeness_centrality: 0.53534002, name: Europe, pages_pdf: [6, 7, 9, 16, 19, 20, 21, 22, 23, 24, 25, 26, 27, 28, 31, 36, 37, 48, 50, 51, 52, 53, 55, 59, 60, 67, 68, 69, 70, 71, 72, 73, 74, 75, 76, 78, 79, 80, 83, 86, 88, 89, 91, 96, 101, 102, 105, 107, 108, 109, 119, 120, 122, 123, 124, 125, 126, 144, 145, 147], degree_centrality: 0.47692308, label: Europe, synced_at: 2026-08-01T09:15:28.915000000Z})"
"(:Entity {community_id: 3, entity_type: Dataset, aliases: [CMIP6, Coupled Model Intercomparison Project (Phase 6)], occurrence_count: 54, betweenness_centrality: 0.05655597, closeness_centrality: 0.40150502, name: CMIP6, pages_pdf: [24, 25, 53, 61, 73, 86, 87, 88, 90, 91, 92, 93, 94, 97, 98, 99, 100, 101, 102, 105, 106, 107, 108, 119, 120, 123, 124, 125, 175], degree_centrality: 0.23076923, label: Coupled Model Intercomparison Project (Phase 6), synced_at: 2026-08-01T09:15:28.915000000Z})","[:CO_OCCURS_WITH {occurrence_count: 18, confidence: 0.685555, extraction_method: gazetteer_cooccurrence, excerpt: height difference between the centres of the Z500 dipole, computed over the 20 coldest 15-days cold spells in ERA5. I used this index first to assess how well CMIP6 models reproduce similar mechanisms to those observed over the historical period, and secondly to establish a causal link between the identified atmospheri, page_pdf: 87, page_these: 72, chunk_id: paragraph_based_00454, synced_at: 2026-08-01T09:15:29.960000000Z, relation_id: cooccur_0011}]","(:Entity {community_id: 11, entity_type: Location, aliases: [France], occurrence_count: 88, betweenness_centrality: 0.03731467, closeness_centrality: 0.45603039, name: France, pages_pdf: [7, 8, 19, 20, 23, 25, 28, 31, 40, 46, 50, 51, 52, 53, 54, 55, 59, 60, 61, 62, 64, 68, 75, 83, 84, 86, 87, 88, 89, 90, 91, 92, 93, 95, 96, 97, 99, 101, 105, 107, 108, 119, 120, 123, 125, 126, 144, 145, 147, 175], degree_centrality: 0.30769231, label: France, synced_at: 2026-08-01T09:15:28.915000000Z})"
"(:Entity {community_id: 3, entity_type: Dataset, aliases: [CMIP6, Coupled Model Intercomparison Project (Phase 6)], occurrence_count: 54, betweenness_centrality: 0.05655597, closeness_centrality: 0.40150502, name: CMIP6, pages_pdf: [24, 25, 53, 61, 73, 86, 87, 88, 90, 91, 92, 93, 94, 97, 98, 99, 100, 101, 102, 105, 106, 107, 108, 119, 120, 123, 124, 125, 175], degree_centrality: 0.23076923, label: Coupled Model Intercomparison Project (Phase 6), synced_at: 2026-08-01T09:15:28.915000000Z})","[:CO_OCCURS_WITH {occurrence_count: 3, confidence: 0.560904, extraction_method: gazetteer_cooccurrence, excerpt: The future evolution of climate under increasing greenhouse gas concentrations is generally assessed through general circulation models (GCMs), which model the atmosphere, ocean, cryosphere, and land surface, as well as their interactions. Many research institutes around the world develop their own GCMs. They collabora, page_pdf: 24, page_these: 9, chunk_id: paragraph_based_00077, synced_at: 2026-08-01T09:15:29.960000000Z, relation_id: cooccur_0081}]","(:Entity {community_id: 3, entity_type: AtmosphericPattern, aliases: [GCM, General Circulation Model], occurrence_count: 6, betweenness_centrality: 0.0, closeness_centrality: 0.29550769, name: GCM, pages_pdf: [24, 84, 95, 105, 108], degree_centrality: 0.03076923, label: General Circulation Model, synced_at: 2026-08-01T09:15:28.915000000Z})"
"(:Entity {community_id: 3, entity_type: Dataset, aliases: [CMIP6, Coupled Model Intercomparison Project (Phase 6)], occurrence_count: 54, betweenness_centrality: 0.05655597, closeness_centrality: 0.40150502, name: CMIP6, pages_pdf: [24, 25, 53, 61, 73, 86, 87, 88, 90, 91, 92, 93, 94, 97, 98, 99, 100, 101, 102, 105, 106, 107, 108, 119, 120, 123, 124, 125, 175], degree_centrality: 0.23076923, label: Coupled Model Intercomparison Project (Phase 6), synced_at: 2026-08-01T09:15:28.915000000Z})","[:CO_OCCURS_WITH {occurrence_count: 6, confidence: 0.605673, extraction_method: gazetteer_cooccurrence, excerpt: The future evolution of climate under increasing greenhouse gas concentrations is generally assessed through general circulation models (GCMs), which model the atmosphere, ocean, cryosphere, and land surface, as well as their interactions. Many research institutes around the world develop their own GCMs. They collabora, page_pdf: 24, page_these: 9, chunk_id: paragraph_based_00077, synced_at: 2026-08-01T09:15:29.960000000Z, relation_id: cooccur_0049}]","(:Entity {community_id: 3, entity_type: Concept, aliases: [SSP, Shared Socioeconomic Pathways], occurrence_count: 28, betweenness_centrality: 0.00034054, closeness_centrality: 0.32120401, name: SSP, pages_pdf: [24, 92, 94, 100, 103, 104, 120, 176, 177, 178, 179, 180, 181, 182, 183, 184, 185, 186, 187, 188, 189, 190, 191, 192, 193, 194, 195], degree_centrality: 0.10769231, label: Shared Socioeconomic Pathways, synced_at: 2026-08-01T09:15:28.915000000Z})"
"(:Entity {community_id: 3, entity_type: Dataset, aliases: [CMIP6, Coupled Model Intercomparison Project (Phase 6)], occurrence_count: 54, betweenness_centrality: 0.05655597, closeness_centrality: 0.40150502, name: CMIP6, pages_pdf: [24, 25, 53, 61, 73, 86, 87, 88, 90, 91, 92, 93, 94, 97, 98, 99, 100, 101, 102, 105, 106, 107, 108, 119, 120, 123, 124, 125, 175], degree_centrality: 0.23076923, label: Coupled Model Intercomparison Project (Phase 6), synced_at: 2026-08-01T09:15:28.915000000Z})","[:CO_OCCURS_WITH {occurrence_count: 16, confidence: 0.676657, extraction_method: gazetteer_cooccurrence, excerpt: height difference between the centres of the Z500 dipole, computed over the 20 coldest 15-days cold spells in ERA5. I used this index first to assess how well CMIP6 models reproduce similar mechanisms to those observed over the historical period, and secondly to establish a causal link between the identified atmospheri, page_pdf: 87, page_these: 72, chunk_id: paragraph_based_00454, synced_at: 2026-08-01T09:15:29.960000000Z, relation_id: cooccur_0013}]","(:Entity {community_id: 5, entity_type: Method, aliases: [SWG, Stochastic Weather Generator], occurrence_count: 199, betweenness_centrality: 0.07593782, closeness_centrality: 0.46173077, name: SWG, pages_pdf: [7, 19, 20, 30, 31, 34, 37, 38, 39, 40, 41, 43, 44, 45, 46, 47, 48, 50, 51, 52, 53, 54, 55, 56, 57, 58, 59, 60, 61, 62, 63, 64, 67, 73, 78, 79, 83, 84, 86, 87, 88, 90, 94, 95, 96, 97, 98, 99, 100, 101, 102, 103, 104, 105, 106, 108, 119, 120, 122, 123, 124, 125, 126, 144, 145, 147, 175, 176, 177, 178, 179, 180, 181, 182, 183, 184, 185, 186, 187, 188, 189, 190, 191, 192, 193, 194, 195, 196, 197, 198, 199, 200, 201, 202, 203, 204, 205], degree_centrality: 0.33846154, label: Stochastic Weather Generator, synced_at: 2026-08-01T09:15:28.915000000Z})"
"(:Entity {community_id: 3, entity_type: Dataset, aliases: [CMIP6, Coupled Model Intercomparison Project (Phase 6)], occurrence_count: 54, betweenness_centrality: 0.05655597, closeness_centrality: 0.40150502, name: CMIP6, pages_pdf: [24, 25, 53, 61, 73, 86, 87, 88, 90, 91, 92, 93, 94, 97, 98, 99, 100, 101, 102, 105, 106, 107, 108, 119, 120, 123, 124, 125, 175], degree_centrality: 0.23076923, label: Coupled Model Intercomparison Project (Phase 6), synced_at: 2026-08-01T09:15:28.915000000Z})","[:CO_OCCURS_WITH {occurrence_count: 6, confidence: 0.605673, extraction_method: gazetteer_cooccurrence, excerpt: To investigate whether models reproduce the same atmospheric dynamics leading to cold spells as in ERA5, we computed the WCC index for each model and scenario. In all 11 CMIP6 models, the daily winter temperature over France is significantly correlated with the WCC (p-value < 10-15), although the correlation is not as , page_pdf: 99, page_these: 84, chunk_id: paragraph_based_00549, synced_at: 2026-08-01T09:15:29.960000000Z, relation_id: cooccur_0050}]","(:Entity {community_id: 3, entity_type: Location, aliases: [WCC, Western Europe Cold Circulation index], occurrence_count: 20, betweenness_centrality: 0.02509039, closeness_centrality: 0.37692308, name: WCC, pages_pdf: [96, 97, 99, 101, 102, 103, 104, 105, 107, 108, 120], degree_centrality: 0.16923077, label: Western Europe Cold Circulation index, synced_at: 2026-08-01T09:15:28.915000000Z})"
"(:Entity {community_id: 3, entity_type: Dataset, aliases: [CMIP6, Coupled Model Intercomparison Project (Phase 6)], occurrence_count: 54, betweenness_centrality: 0.05655597, closeness_centrality: 0.40150502, name: CMIP6, pages_pdf: [24, 25, 53, 61, 73, 86, 87, 88, 90, 91, 92, 93, 94, 97, 98, 99, 100, 101, 102, 105, 106, 107, 108, 119, 120, 123, 124, 125, 175], degree_centrality: 0.23076923, label: Coupled Model Intercomparison Project (Phase 6), synced_at: 2026-08-01T09:15:28.915000000Z})","[:CO_OCCURS_WITH {occurrence_count: 4, confidence: 0.578755, extraction_method: gazetteer_cooccurrence, excerpt: Abstract. Cold extremes significantly impact society, causing excess mortality, strain on healthcare systems, and increased demand on the energy system. With global warming, these extremes are expected to decrease, as observed in various indicators. This study simulates extreme cold spells of 15 days using a Stochastic, page_pdf: 88, page_these: 73, chunk_id: paragraph_based_00462, synced_at: 2026-08-01T09:15:29.960000000Z, relation_id: cooccur_0064}]","(:Entity {community_id: 1, entity_type: Location, aliases: [Western Europe], occurrence_count: 25, betweenness_centrality: 0.01492359, closeness_centrality: 0.40591716, name: Western Europe, pages_pdf: [16, 19, 20, 21, 22, 23, 25, 31, 37, 52, 53, 60, 68, 69, 88, 89, 96, 102, 105, 107, 123], degree_centrality: 0.21538462, label: Western Europe, synced_at: 2026-08-01T09:15:28.915000000Z})"
"(:Entity {community_id: 3, entity_type: Dataset, aliases: [CMIP6, Coupled Model Intercomparison Project (Phase 6)], occurrence_count: 54, betweenness_centrality: 0.05655597, closeness_centrality: 0.40150502, name: CMIP6, pages_pdf: [24, 25, 53, 61, 73, 86, 87, 88, 90, 91, 92, 93, 94, 97, 98, 99, 100, 101, 102, 105, 106, 107, 108, 119, 120, 123, 124, 125, 175], degree_centrality: 0.23076923, label: Coupled Model Intercomparison Project (Phase 6), synced_at: 2026-08-01T09:15:28.915000000Z})","[:CO_OCCURS_WITH {occurrence_count: 7, confidence: 0.616355, extraction_method: gazetteer_cooccurrence, excerpt: height difference between the centres of the Z500 dipole, computed over the 20 coldest 15-days cold spells in ERA5. I used this index first to assess how well CMIP6 models reproduce similar mechanisms to those observed over the historical period, and secondly to establish a causal link between the identified atmospheri, page_pdf: 87, page_these: 72, chunk_id: paragraph_based_00454, synced_at: 2026-08-01T09:15:29.960000000Z, relation_id: cooccur_0044}]","(:Entity {community_id: 3, entity_type: Concept, aliases: [Z500], occurrence_count: 55, betweenness_centrality: 0.00361009, closeness_centrality: 0.38882591, name: Z500, pages_pdf: [35, 36, 37, 38, 40, 46, 47, 48, 51, 73, 86, 87, 91, 93, 94, 96, 101, 102, 103, 104, 107, 108, 119, 124, 175, 176, 177, 178, 179, 180, 181, 182, 183, 184, 185, 186, 187, 188, 189, 190, 191, 192, 193, 194, 195], degree_centrality: 0.16923077, label: Z500, synced_at: 2026-08-01T09:15:28.915000000Z})"
"(:Entity {community_id: 3, entity_type: Dataset, aliases: [CMIP6, Coupled Model Intercomparison Project (Phase 6)], occurrence_count: 54, betweenness_centrality: 0.05655597, closeness_centrality: 0.40150502, name: CMIP6, pages_pdf: [24, 25, 53, 61, 73, 86, 87, 88, 90, 91, 92, 93, 94, 97, 98, 99, 100, 101, 102, 105, 106, 107, 108, 119, 120, 123, 124, 125, 175], degree_centrality: 0.23076923, label: Coupled Model Intercomparison Project (Phase 6), synced_at: 2026-08-01T09:15:28.915000000Z})","[:CO_OCCURS_WITH {occurrence_count: 4, confidence: 0.578755, extraction_method: gazetteer_cooccurrence, excerpt: Abstract. Cold extremes significantly impact society, causing excess mortality, strain on healthcare systems, and increased demand on the energy system. With global warming, these extremes are expected to decrease, as observed in various indicators. This study simulates extreme cold spells of 15 days using a Stochastic, page_pdf: 88, page_these: 73, chunk_id: paragraph_based_00462, synced_at: 2026-08-01T09:15:29.960000000Z, relation_id: cooccur_0065}]","(:Entity {community_id: 5, entity_type: Concept, aliases: [analogues], occurrence_count: 101, betweenness_centrality: 0.02321405, closeness_centrality: 0.41042735, name: analogues, pages_pdf: [7, 30, 31, 34, 35, 36, 37, 38, 39, 40, 41, 43, 44, 45, 46, 48, 53, 55, 56, 57, 58, 59, 60, 61, 62, 63, 71, 72, 73, 74, 75, 83, 84, 88, 90, 93, 94, 95, 99, 100, 119, 123, 124, 145], degree_centrality: 0.23076923, label: analogues, synced_at: 2026-08-01T09:15:28.915000000Z})"
"(:Entity {community_id: 3, entity_type: Dataset, aliases: [CMIP6, Coupled Model Intercomparison Project (Phase 6)], occurrence_count: 54, betweenness_centrality: 0.05655597, closeness_centrality: 0.40150502, name: CMIP6, pages_pdf: [24, 25, 53, 61, 73, 86, 87, 88, 90, 91, 92, 93, 94, 97, 98, 99, 100, 101, 102, 105, 106, 107, 108, 119, 120, 123, 124, 125, 175], degree_centrality: 0.23076923, label: Coupled Model Intercomparison Project (Phase 6), synced_at: 2026-08-01T09:15:28.915000000Z})","[:CO_OCCURS_WITH {occurrence_count: 6, confidence: 0.605673, extraction_method: gazetteer_cooccurrence, excerpt: height difference between the centres of the Z500 dipole, computed over the 20 coldest 15-days cold spells in ERA5. I used this index first to assess how well CMIP6 models reproduce similar mechanisms to those observed over the historical period, and secondly to establish a causal link between the identified atmospheri, page_pdf: 87, page_these: 72, chunk_id: paragraph_based_00454, synced_at: 2026-08-01T09:15:29.960000000Z, relation_id: cooccur_0051}]","(:Entity {community_id: 5, entity_type: AtmosphericPattern, aliases: [atmospheric circulation], occurrence_count: 56, betweenness_centrality: 0.02913925, closeness_centrality: 0.43974359, name: atmospheric circulation, pages_pdf: [21, 25, 31, 35, 36, 37, 40, 46, 52, 56, 61, 69, 70, 71, 72, 73, 74, 75, 76, 77, 79, 83, 87, 88, 91, 93, 95, 96, 97, 99, 101, 103, 105, 107, 108, 122, 123], degree_centrality: 0.27692308, label: atmospheric circulation, synced_at: 2026-08-01T09:15:28.915000000Z})"
"(:Entity {community_id: 3, entity_type: Dataset, aliases: [CMIP6, Coupled Model Intercomparison Project (Phase 6)], occurrence_count: 54, betweenness_centrality: 0.05655597, closeness_centrality: 0.40150502, name: CMIP6, pages_pdf: [24, 25, 53, 61, 73, 86, 87, 88, 90, 91, 92, 93, 94, 97, 98, 99, 100, 101, 102, 105, 106, 107, 108, 119, 120, 123, 124, 125, 175], degree_centrality: 0.23076923, label: Coupled Model Intercomparison Project (Phase 6), synced_at: 2026-08-01T09:15:28.915000000Z})","[:CO_OCCURS_WITH {occurrence_count: 3, confidence: 0.560904, extraction_method: gazetteer_cooccurrence, excerpt: dynamics of extreme cold spells evolve with climate change in CMIP6 models. Then, we investigate more precisely the role of dynamics in extreme cold spells in both the present and future. Finally, discussions and conclusions appear in Section 5., page_pdf: 91, page_these: 76, chunk_id: paragraph_based_00477, synced_at: 2026-08-01T09:15:29.960000000Z, relation_id: cooccur_0082}]","(:Entity {community_id: 5, entity_type: Concept, aliases: [climate change], occurrence_count: 39, betweenness_centrality: 0.06844284, closeness_centrality: 0.38080888, name: climate change, pages_pdf: [16, 17, 18, 19, 24, 25, 28, 29, 31, 52, 53, 54, 55, 61, 62, 64, 67, 68, 75, 79, 80, 86, 89, 91, 95, 99, 101, 122, 123, 124, 125], degree_centrality: 0.15384615, label: climate change, synced_at: 2026-08-01T09:15:28.915000000Z})"
"(:Entity {community_id: 3, entity_type: Dataset, aliases: [CMIP6, Coupled Model Intercomparison Project (Phase 6)], occurrence_count: 54, betweenness_centrality: 0.05655597, closeness_centrality: 0.40150502, name: CMIP6, pages_pdf: [24, 25, 53, 61, 73, 86, 87, 88, 90, 91, 92, 93, 94, 97, 98, 99, 100, 101, 102, 105, 106, 107, 108, 119, 120, 123, 124, 125, 175], degree_centrality: 0.23076923, label: Coupled Model Intercomparison Project (Phase 6), synced_at: 2026-08-01T09:15:28.915000000Z})","[:CO_OCCURS_WITH {occurrence_count: 3, confidence: 0.560904, extraction_method: gazetteer_cooccurrence, excerpt: The maps (Fig. 5) and the WCC values (Fig. 4) show that there is no significant change in the dynamics of cold spells with high levels of warming. In Fig. 4 more than half of models have a negative median WCC in SWG simulations. Models that have the most positive values are CanESM5 and FGOALS-g3, which are models that , page_pdf: 101, page_these: 86, chunk_id: paragraph_based_00553, synced_at: 2026-08-01T09:15:29.960000000Z, relation_id: cooccur_0083}]","(:Entity {community_id: 5, entity_type: ClimateEvent, aliases: [extreme cold events], occurrence_count: 39, betweenness_centrality: 0.01216174, closeness_centrality: 0.41042735, name: extreme cold events, pages_pdf: [16, 19, 20, 22, 23, 24, 25, 28, 31, 38, 40, 50, 52, 55, 60, 83, 86, 95, 99, 101, 107, 122, 123, 125, 144, 145, 147], degree_centrality: 0.21538462, label: extreme cold events, synced_at: 2026-08-01T09:15:28.915000000Z})"
"(:Entity {community_id: 11, entity_type: Period, aliases: [DJF, December-January-February], occurrence_count: 43, betweenness_centrality: 0.00394188, closeness_centrality: 0.38080888, name: DJF, pages_pdf: [19, 24, 45, 50, 53, 54, 55, 57, 59, 60, 68, 69, 70, 71, 72, 73, 74, 91, 92, 93, 98, 99, 100, 105, 106, 124, 196, 197, 198, 199, 200, 201, 202, 203, 204, 205], degree_centrality: 0.15384615, label: December-January-February, synced_at: 2026-08-01T09:15:28.915000000Z})","[:CO_OCCURS_WITH {occurrence_count: 9, confidence: 0.634207, extraction_method: gazetteer_cooccurrence, excerpt: a warming rate three to five times higher than the warming rate of mean global temperature from 1900 to 2018. Both Vavrus et al. (2006) and Smith and Sheridan (2020) demonstrated a decrease in the frequency of cold air outbreaks (CAOs) in Europe. Statistics for the entire winter season (DJF) also indicate a decrease in, page_pdf: 24, page_these: 9, chunk_id: paragraph_based_00072, synced_at: 2026-08-01T09:15:29.960000000Z, relation_id: cooccur_0034}]","(:Entity {community_id: 1, entity_type: Location, aliases: [Europe], occurrence_count: 106, betweenness_centrality: 0.22304753, closeness_centrality: 0.53534002, name: Europe, pages_pdf: [6, 7, 9, 16, 19, 20, 21, 22, 23, 24, 25, 26, 27, 28, 31, 36, 37, 48, 50, 51, 52, 53, 55, 59, 60, 67, 68, 69, 70, 71, 72, 73, 74, 75, 76, 78, 79, 80, 83, 86, 88, 89, 91, 96, 101, 102, 105, 107, 108, 109, 119, 120, 122, 123, 124, 125, 126, 144, 145, 147], degree_centrality: 0.47692308, label: Europe, synced_at: 2026-08-01T09:15:28.915000000Z})"
"(:Entity {community_id: 11, entity_type: Period, aliases: [DJF, December-January-February], occurrence_count: 43, betweenness_centrality: 0.00394188, closeness_centrality: 0.38080888, name: DJF, pages_pdf: [19, 24, 45, 50, 53, 54, 55, 57, 59, 60, 68, 69, 70, 71, 72, 73, 74, 91, 92, 93, 98, 99, 100, 105, 106, 124, 196, 197, 198, 199, 200, 201, 202, 203, 204, 205], degree_centrality: 0.15384615, label: December-January-February, synced_at: 2026-08-01T09:15:28.915000000Z})","[:CO_OCCURS_WITH {occurrence_count: 8, confidence: 0.625778, extraction_method: gazetteer_cooccurrence, excerpt: The rationale for investigating winter 1963 was that this event stands as a record-shattering event for DJF mean temperatures. It was the longest and most rigorous winter recorded since the end of the 19th century in France, and it is 3.7 standard deviations below the trend in average winter temperatures in France from, page_pdf: 50, page_these: 35, chunk_id: paragraph_based_00216, synced_at: 2026-08-01T09:15:29.960000000Z, relation_id: cooccur_0039}]","(:Entity {community_id: 11, entity_type: Location, aliases: [France], occurrence_count: 88, betweenness_centrality: 0.03731467, closeness_centrality: 0.45603039, name: France, pages_pdf: [7, 8, 19, 20, 23, 25, 28, 31, 40, 46, 50, 51, 52, 53, 54, 55, 59, 60, 61, 62, 64, 68, 75, 83, 84, 86, 87, 88, 89, 90, 91, 92, 93, 95, 96, 97, 99, 101, 105, 107, 108, 119, 120, 123, 125, 126, 144, 145, 147, 175], degree_centrality: 0.30769231, label: France, synced_at: 2026-08-01T09:15:28.915000000Z})"
"(:Entity {community_id: 11, entity_type: Period, aliases: [DJF, December-January-February], occurrence_count: 43, betweenness_centrality: 0.00394188, closeness_centrality: 0.38080888, name: DJF, pages_pdf: [19, 24, 45, 50, 53, 54, 55, 57, 59, 60, 68, 69, 70, 71, 72, 73, 74, 91, 92, 93, 98, 99, 100, 105, 106, 124, 196, 197, 198, 199, 200, 201, 202, 203, 204, 205], degree_centrality: 0.15384615, label: December-January-February, synced_at: 2026-08-01T09:15:28.915000000Z})","[:CO_OCCURS_WITH {occurrence_count: 2, confidence: 0.537889, extraction_method: gazetteer_cooccurrence, excerpt: Figure 1. Empirical probability distributions of DJF mean temperatures (without mean correction) over France from 1950 to 2000 for ERA5 (black) and the 11 CMIP6 models (colours) in Table 1. In the box plots, the boxes represent the median (q50), with the lower and upper hinges denoting the first (q25) and third (q75) q, page_pdf: 92, page_these: 77, chunk_id: paragraph_based_00484, synced_at: 2026-08-01T09:15:29.960000000Z, relation_id: cooccur_0119}]","(:Entity {community_id: 3, entity_type: Concept, aliases: [SSP, Shared Socioeconomic Pathways], occurrence_count: 28, betweenness_centrality: 0.00034054, closeness_centrality: 0.32120401, name: SSP, pages_pdf: [24, 92, 94, 100, 103, 104, 120, 176, 177, 178, 179, 180, 181, 182, 183, 184, 185, 186, 187, 188, 189, 190, 191, 192, 193, 194, 195], degree_centrality: 0.10769231, label: Shared Socioeconomic Pathways, synced_at: 2026-08-01T09:15:28.915000000Z})"
"(:Entity {community_id: 11, entity_type: Period, aliases: [DJF, December-January-February], occurrence_count: 43, betweenness_centrality: 0.00394188, closeness_centrality: 0.38080888, name: DJF, pages_pdf: [19, 24, 45, 50, 53, 54, 55, 57, 59, 60, 68, 69, 70, 71, 72, 73, 74, 91, 92, 93, 98, 99, 100, 105, 106, 124, 196, 197, 198, 199, 200, 201, 202, 203, 204, 205], degree_centrality: 0.15384615, label: December-January-February, synced_at: 2026-08-01T09:15:28.915000000Z})","[:CO_OCCURS_WITH {occurrence_count: 20, confidence: 0.693562, extraction_method: gazetteer_cooccurrence, excerpt: In this thesis, I consider a seasonal event (December-January-February, DJF) in Chapter 3, as the winter 1963 event stands as a record-shattering event, breaking previous records by a large margin. It allows me to test the capabilities of the SWG to simulate events with a return period higher than one thousand years wi, page_pdf: 19, page_these: 4, chunk_id: paragraph_based_00052, synced_at: 2026-08-01T09:15:29.960000000Z, relation_id: cooccur_0009}]","(:Entity {community_id: 5, entity_type: Method, aliases: [SWG, Stochastic Weather Generator], occurrence_count: 199, betweenness_centrality: 0.07593782, closeness_centrality: 0.46173077, name: SWG, pages_pdf: [7, 19, 20, 30, 31, 34, 37, 38, 39, 40, 41, 43, 44, 45, 46, 47, 48, 50, 51, 52, 53, 54, 55, 56, 57, 58, 59, 60, 61, 62, 63, 64, 67, 73, 78, 79, 83, 84, 86, 87, 88, 90, 94, 95, 96, 97, 98, 99, 100, 101, 102, 103, 104, 105, 106, 108, 119, 120, 122, 123, 124, 125, 126, 144, 145, 147, 175, 176, 177, 178, 179, 180, 181, 182, 183, 184, 185, 186, 187, 188, 189, 190, 191, 192, 193, 194, 195, 196, 197, 198, 199, 200, 201, 202, 203, 204, 205], degree_centrality: 0.33846154, label: Stochastic Weather Generator, synced_at: 2026-08-01T09:15:28.915000000Z})"
"(:Entity {community_id: 11, entity_type: Period, aliases: [DJF, December-January-February], occurrence_count: 43, betweenness_centrality: 0.00394188, closeness_centrality: 0.38080888, name: DJF, pages_pdf: [19, 24, 45, 50, 53, 54, 55, 57, 59, 60, 68, 69, 70, 71, 72, 73, 74, 91, 92, 93, 98, 99, 100, 105, 106, 124, 196, 197, 198, 199, 200, 201, 202, 203, 204, 205], degree_centrality: 0.15384615, label: December-January-February, synced_at: 2026-08-01T09:15:28.915000000Z})","[:CO_OCCURS_WITH {occurrence_count: 6, confidence: 0.605673, extraction_method: gazetteer_cooccurrence, excerpt: Figure 2.7: SWG climatology. Winter seasonal cycle time series, as computed from winters from 1951 to 2021 in ERA5 (red) or from SWG simulations (blue) initialized on December 1st of each winter (1000 simulations per winter). For both, the mean (solid lines), the median (dotted lines) and the 10th In the same way, ense, page_pdf: 45, page_these: 30, chunk_id: paragraph_based_00195, synced_at: 2026-08-01T09:15:29.960000000Z, relation_id: cooccur_0052}]","(:Entity {community_id: 5, entity_type: Concept, aliases: [analogues], occurrence_count: 101, betweenness_centrality: 0.02321405, closeness_centrality: 0.41042735, name: analogues, pages_pdf: [7, 30, 31, 34, 35, 36, 37, 38, 39, 40, 41, 43, 44, 45, 46, 48, 53, 55, 56, 57, 58, 59, 60, 61, 62, 63, 71, 72, 73, 74, 75, 83, 84, 88, 90, 93, 94, 95, 99, 100, 119, 123, 124, 145], degree_centrality: 0.23076923, label: analogues, synced_at: 2026-08-01T09:15:28.915000000Z})"
"(:Entity {community_id: 11, entity_type: Period, aliases: [DJF, December-January-February], occurrence_count: 43, betweenness_centrality: 0.00394188, closeness_centrality: 0.38080888, name: DJF, pages_pdf: [19, 24, 45, 50, 53, 54, 55, 57, 59, 60, 68, 69, 70, 71, 72, 73, 74, 91, 92, 93, 98, 99, 100, 105, 106, 124, 196, 197, 198, 199, 200, 201, 202, 203, 204, 205], degree_centrality: 0.15384615, label: December-January-February, synced_at: 2026-08-01T09:15:28.915000000Z})","[:CO_OCCURS_WITH {occurrence_count: 3, confidence: 0.560904, extraction_method: gazetteer_cooccurrence, excerpt: Figure 1. Winter temperature anomaly time series over central Europe (Germany domain) and long-term trends: (a) 1951-2023 winter (DJF) temperature anomalies and the contribution of atmospheric circulation (blue line), and ""unconditional"" long-term trend as a function of smoothed global mean temperature (black dashed li, page_pdf: 69, page_these: 54, chunk_id: paragraph_based_00356, synced_at: 2026-08-01T09:15:29.960000000Z, relation_id: cooccur_0084}]","(:Entity {community_id: 5, entity_type: AtmosphericPattern, aliases: [atmospheric circulation], occurrence_count: 56, betweenness_centrality: 0.02913925, closeness_centrality: 0.43974359, name: atmospheric circulation, pages_pdf: [21, 25, 31, 35, 36, 37, 40, 46, 52, 56, 61, 69, 70, 71, 72, 73, 74, 75, 76, 77, 79, 83, 87, 88, 91, 93, 95, 96, 97, 99, 101, 103, 105, 107, 108, 122, 123], degree_centrality: 0.27692308, label: atmospheric circulation, synced_at: 2026-08-01T09:15:28.915000000Z})"
"(:Entity {community_id: 11, entity_type: Period, aliases: [DJF, December-January-February], occurrence_count: 43, betweenness_centrality: 0.00394188, closeness_centrality: 0.38080888, name: DJF, pages_pdf: [19, 24, 45, 50, 53, 54, 55, 57, 59, 60, 68, 69, 70, 71, 72, 73, 74, 91, 92, 93, 98, 99, 100, 105, 106, 124, 196, 197, 198, 199, 200, 201, 202, 203, 204, 205], degree_centrality: 0.15384615, label: December-January-February, synced_at: 2026-08-01T09:15:28.915000000Z})","[:CO_OCCURS_WITH {occurrence_count: 3, confidence: 0.560904, extraction_method: gazetteer_cooccurrence, excerpt: To assess worst-case-scenario winter temperatures in France, we use the winter of 1962-1963 (hereafter referred to as winter 1963) as a reference event. Winter 1963 yielded an exceptionally low mean temperature anomaly over December, January and February (DJF) of -3.4σ below the seasonal average (Fig. 1a). The year 196, page_pdf: 53, page_these: 38, chunk_id: paragraph_based_00237, synced_at: 2026-08-01T09:15:29.960000000Z, relation_id: cooccur_0085}]","(:Entity {community_id: 11, entity_type: ClimateEvent, aliases: [cold wave], occurrence_count: 10, betweenness_centrality: 0.02307692, closeness_centrality: 0.35862584, name: cold wave, pages_pdf: [19, 20, 23, 53, 61, 72, 99], degree_centrality: 0.09230769, label: cold wave, synced_at: 2026-08-01T09:15:28.915000000Z})"
"(:Entity {community_id: 11, entity_type: Period, aliases: [DJF, December-January-February], occurrence_count: 43, betweenness_centrality: 0.00394188, closeness_centrality: 0.38080888, name: DJF, pages_pdf: [19, 24, 45, 50, 53, 54, 55, 57, 59, 60, 68, 69, 70, 71, 72, 73, 74, 91, 92, 93, 98, 99, 100, 105, 106, 124, 196, 197, 198, 199, 200, 201, 202, 203, 204, 205], degree_centrality: 0.15384615, label: December-January-February, synced_at: 2026-08-01T09:15:28.915000000Z})","[:CO_OCCURS_WITH {occurrence_count: 2, confidence: 0.537889, extraction_method: gazetteer_cooccurrence, excerpt: The control simulations encompass the range of observed average winter temperature (DJF), except for extremely rare values like those from the winter of 1963. The median of the importance-sampled simulations aligns closely with the coldest control simulation. Importantly, the SWG with importance sampling successfully s, page_pdf: 45, page_these: 30, chunk_id: paragraph_based_00196, synced_at: 2026-08-01T09:15:29.960000000Z, relation_id: cooccur_0120}]","(:Entity {community_id: 11, entity_type: Method, aliases: [empirical importance sampling], occurrence_count: 17, betweenness_centrality: 0.0, closeness_centrality: 0.35517751, name: empirical importance sampling, pages_pdf: [30, 34, 40, 45, 46, 51, 68, 73, 75, 77, 78, 79, 90, 145], degree_centrality: 0.09230769, label: empirical importance sampling, synced_at: 2026-08-01T09:15:28.915000000Z})"
"(:Entity {community_id: 11, entity_type: Period, aliases: [DJF, December-January-February], occurrence_count: 43, betweenness_centrality: 0.00394188, closeness_centrality: 0.38080888, name: DJF, pages_pdf: [19, 24, 45, 50, 53, 54, 55, 57, 59, 60, 68, 69, 70, 71, 72, 73, 74, 91, 92, 93, 98, 99, 100, 105, 106, 124, 196, 197, 198, 199, 200, 201, 202, 203, 204, 205], degree_centrality: 0.15384615, label: December-January-February, synced_at: 2026-08-01T09:15:28.915000000Z})","[:CO_OCCURS_WITH {occurrence_count: 9, confidence: 0.634207, extraction_method: gazetteer_cooccurrence, excerpt: In this thesis, I consider a seasonal event (December-January-February, DJF) in Chapter 3, as the winter 1963 event stands as a record-shattering event, breaking previous records by a large margin. It allows me to test the capabilities of the SWG to simulate events with a return period higher than one thousand years wi, page_pdf: 19, page_these: 4, chunk_id: paragraph_based_00052, synced_at: 2026-08-01T09:15:29.960000000Z, relation_id: cooccur_0035}]","(:Entity {community_id: 11, entity_type: Period, aliases: [winter 1963], occurrence_count: 48, betweenness_centrality: 0.07610701, closeness_centrality: 0.41042735, name: winter 1963, pages_pdf: [19, 22, 43, 45, 47, 50, 51, 53, 54, 55, 57, 58, 59, 60, 61, 68, 69, 70, 71, 72, 74, 75, 76, 78, 83, 86, 95], degree_centrality: 0.26153846, label: winter 1963, synced_at: 2026-08-01T09:15:28.915000000Z})"
"(:Entity {community_id: 1, entity_type: Location, aliases: [ECMWF, European Centre for Medium-Range Weather Forecasts], occurrence_count: 4, betweenness_centrality: 0.0, closeness_centrality: 0.31571335, name: ECMWF, pages_pdf: [55, 79, 144, 147], degree_centrality: 0.01538462, label: European Centre for Medium-Range Weather Forecasts, synced_at: 2026-08-01T09:15:28.915000000Z})","[:CO_OCCURS_WITH {occurrence_count: 4, confidence: 0.578755, extraction_method: gazetteer_cooccurrence, excerpt: Daily mean surface temperature (TG) data were obtained from the fifth version (ERA5) of the atmospheric reanalysis of the European Centre for Medium-Range Weather Forecasts (ECMWF) (Hersbach et al., 2020). Data from 1950 to 2021 have been retrieved with a spatial resolution of 0.25°× 0.25°. Daily temperature fields hav, page_pdf: 55, page_these: 40, chunk_id: paragraph_based_00250, synced_at: 2026-08-01T09:15:29.960000000Z, relation_id: cooccur_0066}]","(:Entity {community_id: 1, entity_type: Location, aliases: [Europe], occurrence_count: 106, betweenness_centrality: 0.22304753, closeness_centrality: 0.53534002, name: Europe, pages_pdf: [6, 7, 9, 16, 19, 20, 21, 22, 23, 24, 25, 26, 27, 28, 31, 36, 37, 48, 50, 51, 52, 53, 55, 59, 60, 67, 68, 69, 70, 71, 72, 73, 74, 75, 76, 78, 79, 80, 83, 86, 88, 89, 91, 96, 101, 102, 105, 107, 108, 109, 119, 120, 122, 123, 124, 125, 126, 144, 145, 147], degree_centrality: 0.47692308, label: Europe, synced_at: 2026-08-01T09:15:28.915000000Z})"
"(:Entity {community_id: 5, entity_type: ClimateEvent, aliases: [EEA, Extreme Event Attribution], occurrence_count: 4, betweenness_centrality: 0.0, closeness_centrality: 0.25474801, name: EEA, pages_pdf: [18, 36], degree_centrality: 0.01538462, label: Extreme Event Attribution, synced_at: 2026-08-01T09:15:28.915000000Z})","[:CO_OCCURS_WITH {occurrence_count: 2, confidence: 0.537889, extraction_method: gazetteer_cooccurrence, excerpt: A field of climatology that has specifically focused on extreme events in recent decades is Extreme Event Attribution (EEA). It aims to assess the contribution of a specific cause, primarily human-driven climate change, to observed changes in extreme events. An EEA study about heavy rainfall in Australia that I contrib, page_pdf: 18, page_these: 3, chunk_id: paragraph_based_00037, synced_at: 2026-08-01T09:15:29.960000000Z, relation_id: cooccur_0121}]","(:Entity {community_id: 5, entity_type: Concept, aliases: [climate change], occurrence_count: 39, betweenness_centrality: 0.06844284, closeness_centrality: 0.38080888, name: climate change, pages_pdf: [16, 17, 18, 19, 24, 25, 28, 29, 31, 52, 53, 54, 55, 61, 62, 64, 67, 68, 75, 79, 80, 86, 89, 91, 95, 99, 101, 122, 123, 124, 125], degree_centrality: 0.15384615, label: climate change, synced_at: 2026-08-01T09:15:28.915000000Z})"
"(:Entity {community_id: 1, entity_type: Location, aliases: [Europe], occurrence_count: 106, betweenness_centrality: 0.22304753, closeness_centrality: 0.53534002, name: Europe, pages_pdf: [6, 7, 9, 16, 19, 20, 21, 22, 23, 24, 25, 26, 27, 28, 31, 36, 37, 48, 50, 51, 52, 53, 55, 59, 60, 67, 68, 69, 70, 71, 72, 73, 74, 75, 76, 78, 79, 80, 83, 86, 88, 89, 91, 96, 101, 102, 105, 107, 108, 109, 119, 120, 122, 123, 124, 125, 126, 144, 145, 147], degree_centrality: 0.47692308, label: Europe, synced_at: 2026-08-01T09:15:28.915000000Z})","[:CO_OCCURS_WITH {occurrence_count: 24, confidence: 0.70751, extraction_method: gazetteer_cooccurrence, excerpt: 4. La configuration atmosphérique typiquement associé aux vagues de froid extrême en Europe de l'Ouest est-il une condition nécessaire et suffisante pour que ces vagues de froid se produisent ? Le quatrième et dernier objectif est de suivre la circulation atmosphérique typiquement associée aux vagues de froid pour éval, page_pdf: 7, chunk_id: paragraph_based_00009, synced_at: 2026-08-01T09:15:29.960000000Z, relation_id: cooccur_0004}]","(:Entity {community_id: 11, entity_type: Location, aliases: [France], occurrence_count: 88, betweenness_centrality: 0.03731467, closeness_centrality: 0.45603039, name: France, pages_pdf: [7, 8, 19, 20, 23, 25, 28, 31, 40, 46, 50, 51, 52, 53, 54, 55, 59, 60, 61, 62, 64, 68, 75, 83, 84, 86, 87, 88, 89, 90, 91, 92, 93, 95, 96, 97, 99, 101, 105, 107, 108, 119, 120, 123, 125, 126, 144, 145, 147, 175], degree_centrality: 0.30769231, label: France, synced_at: 2026-08-01T09:15:28.915000000Z})"
"(:Entity {community_id: 1, entity_type: Location, aliases: [Europe], occurrence_count: 106, betweenness_centrality: 0.22304753, closeness_centrality: 0.53534002, name: Europe, pages_pdf: [6, 7, 9, 16, 19, 20, 21, 22, 23, 24, 25, 26, 27, 28, 31, 36, 37, 48, 50, 51, 52, 53, 55, 59, 60, 67, 68, 69, 70, 71, 72, 73, 74, 75, 76, 78, 79, 80, 83, 86, 88, 89, 91, 96, 101, 102, 105, 107, 108, 109, 119, 120, 122, 123, 124, 125, 126, 144, 145, 147], degree_centrality: 0.47692308, label: Europe, synced_at: 2026-08-01T09:15:28.915000000Z})","[:CO_OCCURS_WITH {occurrence_count: 3, confidence: 0.560904, extraction_method: gazetteer_cooccurrence, excerpt: The question motivating the work presented in this chapter is to assess the plausibility of breaking cold records of the 20th century in the 21st century. This also stands as a case study of the use of the SWG for the study of extreme cold events, by investigating winter 1963 in Europe, and consolidates the method by c, page_pdf: 50, page_these: 35, chunk_id: paragraph_based_00215, synced_at: 2026-08-01T09:15:29.960000000Z, relation_id: cooccur_0086}]","(:Entity {community_id: 5, entity_type: Concept, aliases: [Gessner et al.], occurrence_count: 13, betweenness_centrality: 0.00253396, closeness_centrality: 0.34521927, name: Gessner et al., pages_pdf: [29, 30, 50, 53, 73, 75, 77, 83, 84, 90, 95, 122, 126], degree_centrality: 0.09230769, label: Gessner et al., synced_at: 2026-08-01T09:15:28.915000000Z})"
"(:Entity {community_id: 1, entity_type: Location, aliases: [Europe], occurrence_count: 106, betweenness_centrality: 0.22304753, closeness_centrality: 0.53534002, name: Europe, pages_pdf: [6, 7, 9, 16, 19, 20, 21, 22, 23, 24, 25, 26, 27, 28, 31, 36, 37, 48, 50, 51, 52, 53, 55, 59, 60, 67, 68, 69, 70, 71, 72, 73, 74, 75, 76, 78, 79, 80, 83, 86, 88, 89, 91, 96, 101, 102, 105, 107, 108, 109, 119, 120, 122, 123, 124, 125, 126, 144, 145, 147], degree_centrality: 0.47692308, label: Europe, synced_at: 2026-08-01T09:15:28.915000000Z})","[:CO_OCCURS_WITH {occurrence_count: 3, confidence: 0.560904, extraction_method: gazetteer_cooccurrence, excerpt: In the NAO-regime, the Azores anticyclone is highly weakened and an anticyclone over Iceland replaces the usual low pressure there. A highly negative NAO index (i.e. a predominant NAO-weather regime) is usually associated with cold winters in Europe (Van Loon and Rogers 1978; Hurrell 1995). For instance, winter of 2009, page_pdf: 22, page_these: 7, chunk_id: paragraph_based_00064, synced_at: 2026-08-01T09:15:29.960000000Z, relation_id: cooccur_0087}]","(:Entity {community_id: 1, entity_type: Location, aliases: [Greenland], occurrence_count: 4, betweenness_centrality: 0.0, closeness_centrality: 0.3358042, name: Greenland, pages_pdf: [22, 27, 76, 89], degree_centrality: 0.06153846, label: Greenland, synced_at: 2026-08-01T09:15:28.915000000Z})"
"(:Entity {community_id: 1, entity_type: Location, aliases: [Europe], occurrence_count: 106, betweenness_centrality: 0.22304753, closeness_centrality: 0.53534002, name: Europe, pages_pdf: [6, 7, 9, 16, 19, 20, 21, 22, 23, 24, 25, 26, 27, 28, 31, 36, 37, 48, 50, 51, 52, 53, 55, 59, 60, 67, 68, 69, 70, 71, 72, 73, 74, 75, 76, 78, 79, 80, 83, 86, 88, 89, 91, 96, 101, 102, 105, 107, 108, 109, 119, 120, 122, 123, 124, 125, 126, 144, 145, 147], degree_centrality: 0.47692308, label: Europe, synced_at: 2026-08-01T09:15:28.915000000Z})","[:CO_OCCURS_WITH {occurrence_count: 8, confidence: 0.625778, extraction_method: gazetteer_cooccurrence, excerpt: The North Atlantic winter jet is eddy driven and usually well separated from the subtropical jet. But the co-occurrence of thermal and eddy-driven jet mechanisms can result in a single merged jet. The configuration, latitude, speed and meandering of the jet stream are linked to different planetary wave activities and c, page_pdf: 21, page_these: 6, chunk_id: paragraph_based_00060, synced_at: 2026-08-01T09:15:29.960000000Z, relation_id: cooccur_0040}]","(:Entity {community_id: 1, entity_type: AtmosphericPattern, aliases: [NAO, North Atlantic Oscillation], occurrence_count: 18, betweenness_centrality: 0.03032069, closeness_centrality: 0.39296236, name: NAO, pages_pdf: [21, 22, 26, 27, 38, 53, 59, 69, 89, 96, 97, 103, 105, 108, 125], degree_centrality: 0.2, label: North Atlantic Oscillation, synced_at: 2026-08-01T09:15:28.915000000Z})"
"(:Entity {community_id: 1, entity_type: Location, aliases: [Europe], occurrence_count: 106, betweenness_centrality: 0.22304753, closeness_centrality: 0.53534002, name: Europe, pages_pdf: [6, 7, 9, 16, 19, 20, 21, 22, 23, 24, 25, 26, 27, 28, 31, 36, 37, 48, 50, 51, 52, 53, 55, 59, 60, 67, 68, 69, 70, 71, 72, 73, 74, 75, 76, 78, 79, 80, 83, 86, 88, 89, 91, 96, 101, 102, 105, 107, 108, 109, 119, 120, 122, 123, 124, 125, 126, 144, 145, 147], degree_centrality: 0.47692308, label: Europe, synced_at: 2026-08-01T09:15:28.915000000Z})","[:CO_OCCURS_WITH {occurrence_count: 3, confidence: 0.560904, extraction_method: gazetteer_cooccurrence, excerpt: Screen (2017) states that Arctic sea-ice loss is expected to increase the negative phase of the NAO, which would cool European winters. However, they conclude that no such cooling has been observed, possibly because it is offset by thermodynamic warming., page_pdf: 26, page_these: 11, chunk_id: paragraph_based_00091, synced_at: 2026-08-01T09:15:29.960000000Z, relation_id: cooccur_0088}]","(:Entity {community_id: 1, entity_type: AtmosphericPattern, aliases: [NAO-, Negative Phase of the NAO], occurrence_count: 4, betweenness_centrality: 0.00349817, closeness_centrality: 0.32402159, name: NAO-, pages_pdf: [21, 26, 59, 89], degree_centrality: 0.04615385, label: Negative Phase of the NAO, synced_at: 2026-08-01T09:15:28.915000000Z})"
"(:Entity {community_id: 1, entity_type: Location, aliases: [Europe], occurrence_count: 106, betweenness_centrality: 0.22304753, closeness_centrality: 0.53534002, name: Europe, pages_pdf: [6, 7, 9, 16, 19, 20, 21, 22, 23, 24, 25, 26, 27, 28, 31, 36, 37, 48, 50, 51, 52, 53, 55, 59, 60, 67, 68, 69, 70, 71, 72, 73, 74, 75, 76, 78, 79, 80, 83, 86, 88, 89, 91, 96, 101, 102, 105, 107, 108, 109, 119, 120, 122, 123, 124, 125, 126, 144, 145, 147], degree_centrality: 0.47692308, label: Europe, synced_at: 2026-08-01T09:15:28.915000000Z})","[:CO_OCCURS_WITH {occurrence_count: 2, confidence: 0.537889, extraction_method: gazetteer_cooccurrence, excerpt: A reversal of the mean zonal winds of the stratospheric polar vortex is called a Sudden Stratospheric Warming (SSW). SSWs affect mid-latitude cold extremes, especially in North America and Europe (Butler et al. 2017). The record winter of 1963 featured a SSW in January 1963, which could have enhanced the NAO weather re, page_pdf: 27, page_these: 12, chunk_id: paragraph_based_00099, synced_at: 2026-08-01T09:15:29.960000000Z, relation_id: cooccur_0122}]","(:Entity {community_id: 1, entity_type: Concept, aliases: [QBO, Quasi-Biennial Oscillation], occurrence_count: 3, betweenness_centrality: 0.0, closeness_centrality: 0.32120401, name: QBO, pages_pdf: [27, 69, 144], degree_centrality: 0.04615385, label: Quasi-Biennial Oscillation, synced_at: 2026-08-01T09:15:28.915000000Z})"
"(:Entity {community_id: 1, entity_type: Location, aliases: [Europe], occurrence_count: 106, betweenness_centrality: 0.22304753, closeness_centrality: 0.53534002, name: Europe, pages_pdf: [6, 7, 9, 16, 19, 20, 21, 22, 23, 24, 25, 26, 27, 28, 31, 36, 37, 48, 50, 51, 52, 53, 55, 59, 60, 67, 68, 69, 70, 71, 72, 73, 74, 75, 76, 78, 79, 80, 83, 86, 88, 89, 91, 96, 101, 102, 105, 107, 108, 109, 119, 120, 122, 123, 124, 125, 126, 144, 145, 147], degree_centrality: 0.47692308, label: Europe, synced_at: 2026-08-01T09:15:28.915000000Z})","[:CO_OCCURS_WITH {occurrence_count: 2, confidence: 0.537889, extraction_method: gazetteer_cooccurrence, excerpt: In the NAO-regime, the Azores anticyclone is highly weakened and an anticyclone over Iceland replaces the usual low pressure there. A highly negative NAO index (i.e. a predominant NAO-weather regime) is usually associated with cold winters in Europe (Van Loon and Rogers 1978; Hurrell 1995). For instance, winter of 2009, page_pdf: 22, page_these: 7, chunk_id: paragraph_based_00064, synced_at: 2026-08-01T09:15:29.960000000Z, relation_id: cooccur_0123}]","(:Entity {community_id: 1, entity_type: AtmosphericPattern, aliases: [SB, Scandinavian Blocking], occurrence_count: 3, betweenness_centrality: 0.02307692, closeness_centrality: 0.33277893, name: SB, pages_pdf: [21, 22, 23], degree_centrality: 0.07692308, label: Scandinavian Blocking, synced_at: 2026-08-01T09:15:28.915000000Z})"
"(:Entity {community_id: 1, entity_type: Location, aliases: [Europe], occurrence_count: 106, betweenness_centrality: 0.22304753, closeness_centrality: 0.53534002, name: Europe, pages_pdf: [6, 7, 9, 16, 19, 20, 21, 22, 23, 24, 25, 26, 27, 28, 31, 36, 37, 48, 50, 51, 52, 53, 55, 59, 60, 67, 68, 69, 70, 71, 72, 73, 74, 75, 76, 78, 79, 80, 83, 86, 88, 89, 91, 96, 101, 102, 105, 107, 108, 109, 119, 120, 122, 123, 124, 125, 126, 144, 145, 147], degree_centrality: 0.47692308, label: Europe, synced_at: 2026-08-01T09:15:28.915000000Z})","[:CO_OCCURS_WITH {occurrence_count: 2, confidence: 0.537889, extraction_method: gazetteer_cooccurrence, excerpt: A reversal of the mean zonal winds of the stratospheric polar vortex is called a Sudden Stratospheric Warming (SSW). SSWs affect mid-latitude cold extremes, especially in North America and Europe (Butler et al. 2017). The record winter of 1963 featured a SSW in January 1963, which could have enhanced the NAO weather re, page_pdf: 27, page_these: 12, chunk_id: paragraph_based_00099, synced_at: 2026-08-01T09:15:29.960000000Z, relation_id: cooccur_0124}]","(:Entity {community_id: 1, entity_type: ClimateEvent, aliases: [SSW, Sudden Stratospheric Warming], occurrence_count: 5, betweenness_centrality: 0.0, closeness_centrality: 0.32120401, name: SSW, pages_pdf: [27, 29, 30, 69], degree_centrality: 0.04615385, label: Sudden Stratospheric Warming, synced_at: 2026-08-01T09:15:28.915000000Z})"
"(:Entity {community_id: 1, entity_type: Location, aliases: [Europe], occurrence_count: 106, betweenness_centrality: 0.22304753, closeness_centrality: 0.53534002, name: Europe, pages_pdf: [6, 7, 9, 16, 19, 20, 21, 22, 23, 24, 25, 26, 27, 28, 31, 36, 37, 48, 50, 51, 52, 53, 55, 59, 60, 67, 68, 69, 70, 71, 72, 73, 74, 75, 76, 78, 79, 80, 83, 86, 88, 89, 91, 96, 101, 102, 105, 107, 108, 109, 119, 120, 122, 123, 124, 125, 126, 144, 145, 147], degree_centrality: 0.47692308, label: Europe, synced_at: 2026-08-01T09:15:28.915000000Z})","[:CO_OCCURS_WITH {occurrence_count: 24, confidence: 0.70751, extraction_method: gazetteer_cooccurrence, excerpt: Le chapitre 3 explore l'évolution des hivers extrêmes dans le passé et le présent dans deux pays européens. Il présente également une étude comparative entre le SWG et la méthode d'ensemble boosting. Ce chapitre inclut deux articles publiés : un en tant que première autrice et un en tant que co-autrice., page_pdf: 7, chunk_id: paragraph_based_00011, synced_at: 2026-08-01T09:15:29.960000000Z, relation_id: cooccur_0005}]","(:Entity {community_id: 5, entity_type: Method, aliases: [SWG, Stochastic Weather Generator], occurrence_count: 199, betweenness_centrality: 0.07593782, closeness_centrality: 0.46173077, name: SWG, pages_pdf: [7, 19, 20, 30, 31, 34, 37, 38, 39, 40, 41, 43, 44, 45, 46, 47, 48, 50, 51, 52, 53, 54, 55, 56, 57, 58, 59, 60, 61, 62, 63, 64, 67, 73, 78, 79, 83, 84, 86, 87, 88, 90, 94, 95, 96, 97, 98, 99, 100, 101, 102, 103, 104, 105, 106, 108, 119, 120, 122, 123, 124, 125, 126, 144, 145, 147, 175, 176, 177, 178, 179, 180, 181, 182, 183, 184, 185, 186, 187, 188, 189, 190, 191, 192, 193, 194, 195, 196, 197, 198, 199, 200, 201, 202, 203, 204, 205], degree_centrality: 0.33846154, label: Stochastic Weather Generator, synced_at: 2026-08-01T09:15:28.915000000Z})"
"(:Entity {community_id: 1, entity_type: Location, aliases: [Europe], occurrence_count: 106, betweenness_centrality: 0.22304753, closeness_centrality: 0.53534002, name: Europe, pages_pdf: [6, 7, 9, 16, 19, 20, 21, 22, 23, 24, 25, 26, 27, 28, 31, 36, 37, 48, 50, 51, 52, 53, 55, 59, 60, 67, 68, 69, 70, 71, 72, 73, 74, 75, 76, 78, 79, 80, 83, 86, 88, 89, 91, 96, 101, 102, 105, 107, 108, 109, 119, 120, 122, 123, 124, 125, 126, 144, 145, 147], degree_centrality: 0.47692308, label: Europe, synced_at: 2026-08-01T09:15:28.915000000Z})","[:CO_OCCURS_WITH {occurrence_count: 3, confidence: 0.560904, extraction_method: gazetteer_cooccurrence, excerpt: The presence of a blocking over the North Atlantic or Scandinavia leads to a weakening of westerlies and allows the advection of cold air masses from the Arctic or Siberia. Many studies document the link between blocking and extreme cold events in Europe (Buehler et al. 2011; Sillmann et al. 2011; Pfahl 2014; Brunner e, page_pdf: 22, page_these: 7, chunk_id: paragraph_based_00065, synced_at: 2026-08-01T09:15:29.960000000Z, relation_id: cooccur_0089}]","(:Entity {community_id: 1, entity_type: Location, aliases: [Siberia], occurrence_count: 4, betweenness_centrality: 0.0, closeness_centrality: 0.32688904, name: Siberia, pages_pdf: [22, 23, 38], degree_centrality: 0.06153846, label: Siberia, synced_at: 2026-08-01T09:15:28.915000000Z})"
"(:Entity {community_id: 1, entity_type: Location, aliases: [Europe], occurrence_count: 106, betweenness_centrality: 0.22304753, closeness_centrality: 0.53534002, name: Europe, pages_pdf: [6, 7, 9, 16, 19, 20, 21, 22, 23, 24, 25, 26, 27, 28, 31, 36, 37, 48, 50, 51, 52, 53, 55, 59, 60, 67, 68, 69, 70, 71, 72, 73, 74, 75, 76, 78, 79, 80, 83, 86, 88, 89, 91, 96, 101, 102, 105, 107, 108, 109, 119, 120, 122, 123, 124, 125, 126, 144, 145, 147], degree_centrality: 0.47692308, label: Europe, synced_at: 2026-08-01T09:15:28.915000000Z})","[:CO_OCCURS_WITH {occurrence_count: 5, confidence: 0.593341, extraction_method: gazetteer_cooccurrence, excerpt: Z500 mean anomalies maps during the coldest 15-day cold spells in ERA5 show a dipole between Iceland and southwestern Europe. Therefore, to investigate the dynamics of cold spells in France, we compute a Western Europe Cold Circulation index (WCC), which characterizes this atmospheric pattern, by subtracting the mean o, page_pdf: 96, page_these: 81, chunk_id: paragraph_based_00527, synced_at: 2026-08-01T09:15:29.960000000Z, relation_id: cooccur_0057}]","(:Entity {community_id: 3, entity_type: Location, aliases: [WCC, Western Europe Cold Circulation index], occurrence_count: 20, betweenness_centrality: 0.02509039, closeness_centrality: 0.37692308, name: WCC, pages_pdf: [96, 97, 99, 101, 102, 103, 104, 105, 107, 108, 120], degree_centrality: 0.16923077, label: Western Europe Cold Circulation index, synced_at: 2026-08-01T09:15:28.915000000Z})"
"(:Entity {community_id: 1, entity_type: Location, aliases: [Europe], occurrence_count: 106, betweenness_centrality: 0.22304753, closeness_centrality: 0.53534002, name: Europe, pages_pdf: [6, 7, 9, 16, 19, 20, 21, 22, 23, 24, 25, 26, 27, 28, 31, 36, 37, 48, 50, 51, 52, 53, 55, 59, 60, 67, 68, 69, 70, 71, 72, 73, 74, 75, 76, 78, 79, 80, 83, 86, 88, 89, 91, 96, 101, 102, 105, 107, 108, 109, 119, 120, 122, 123, 124, 125, 126, 144, 145, 147], degree_centrality: 0.47692308, label: Europe, synced_at: 2026-08-01T09:15:28.915000000Z})","[:CO_OCCURS_WITH {occurrence_count: 25, confidence: 0.710648, extraction_method: gazetteer_cooccurrence, excerpt: 1.1.3 Dynamics of cold spells in Western Europe . . . . . . 5, page_pdf: 16, page_these: 1, chunk_id: paragraph_based_00018, synced_at: 2026-08-01T09:15:29.960000000Z, relation_id: cooccur_0003}]","(:Entity {community_id: 1, entity_type: Location, aliases: [Western Europe], occurrence_count: 25, betweenness_centrality: 0.01492359, closeness_centrality: 0.40591716, name: Western Europe, pages_pdf: [16, 19, 20, 21, 22, 23, 25, 31, 37, 52, 53, 60, 68, 69, 88, 89, 96, 102, 105, 107, 123], degree_centrality: 0.21538462, label: Western Europe, synced_at: 2026-08-01T09:15:28.915000000Z})"
"(:Entity {community_id: 1, entity_type: Location, aliases: [Europe], occurrence_count: 106, betweenness_centrality: 0.22304753, closeness_centrality: 0.53534002, name: Europe, pages_pdf: [6, 7, 9, 16, 19, 20, 21, 22, 23, 24, 25, 26, 27, 28, 31, 36, 37, 48, 50, 51, 52, 53, 55, 59, 60, 67, 68, 69, 70, 71, 72, 73, 74, 75, 76, 78, 79, 80, 83, 86, 88, 89, 91, 96, 101, 102, 105, 107, 108, 109, 119, 120, 122, 123, 124, 125, 126, 144, 145, 147], degree_centrality: 0.47692308, label: Europe, synced_at: 2026-08-01T09:15:28.915000000Z})","[:CO_OCCURS_WITH {occurrence_count: 10, confidence: 0.641832, extraction_method: gazetteer_cooccurrence, excerpt: Résumé Le SWG utilise un échantillonnage aléatoire d'analogues de circulation atmosphérique pour simuler de nouvelles trajectoires d'événements extrêmes. Initialement développé pour les vagues de chaleur extrêmes par Yiou and Jézéquel (2020), il applique le principe d'échantillonnage d'importance de Ragone et al. (2018, page_pdf: 48, page_these: 33, chunk_id: paragraph_based_00206, synced_at: 2026-08-01T09:15:29.960000000Z, relation_id: cooccur_0023}]","(:Entity {community_id: 3, entity_type: Concept, aliases: [Z500], occurrence_count: 55, betweenness_centrality: 0.00361009, closeness_centrality: 0.38882591, name: Z500, pages_pdf: [35, 36, 37, 38, 40, 46, 47, 48, 51, 73, 86, 87, 91, 93, 94, 96, 101, 102, 103, 104, 107, 108, 119, 124, 175, 176, 177, 178, 179, 180, 181, 182, 183, 184, 185, 186, 187, 188, 189, 190, 191, 192, 193, 194, 195], degree_centrality: 0.16923077, label: Z500, synced_at: 2026-08-01T09:15:28.915000000Z})"
"(:Entity {community_id: 1, entity_type: Location, aliases: [Europe], occurrence_count: 106, betweenness_centrality: 0.22304753, closeness_centrality: 0.53534002, name: Europe, pages_pdf: [6, 7, 9, 16, 19, 20, 21, 22, 23, 24, 25, 26, 27, 28, 31, 36, 37, 48, 50, 51, 52, 53, 55, 59, 60, 67, 68, 69, 70, 71, 72, 73, 74, 75, 76, 78, 79, 80, 83, 86, 88, 89, 91, 96, 101, 102, 105, 107, 108, 109, 119, 120, 122, 123, 124, 125, 126, 144, 145, 147], degree_centrality: 0.47692308, label: Europe, synced_at: 2026-08-01T09:15:28.915000000Z})","[:CO_OCCURS_WITH {occurrence_count: 8, confidence: 0.625778, extraction_method: gazetteer_cooccurrence, excerpt: Analogues are more relevant for regional phenomena. The computational domain must be tailored to sufficiently capture the relevant synoptic circulation without adding unnecessary complexity. For instance, Jézéquel et al. (2018) tested three domain sizes for heatwaves in different European regions, ranging from the enti, page_pdf: 36, page_these: 21, chunk_id: paragraph_based_00155, synced_at: 2026-08-01T09:15:29.960000000Z, relation_id: cooccur_0041}]","(:Entity {community_id: 5, entity_type: Concept, aliases: [analogues], occurrence_count: 101, betweenness_centrality: 0.02321405, closeness_centrality: 0.41042735, name: analogues, pages_pdf: [7, 30, 31, 34, 35, 36, 37, 38, 39, 40, 41, 43, 44, 45, 46, 48, 53, 55, 56, 57, 58, 59, 60, 61, 62, 63, 71, 72, 73, 74, 75, 83, 84, 88, 90, 93, 94, 95, 99, 100, 119, 123, 124, 145], degree_centrality: 0.23076923, label: analogues, synced_at: 2026-08-01T09:15:28.915000000Z})"
"(:Entity {community_id: 1, entity_type: Location, aliases: [Europe], occurrence_count: 106, betweenness_centrality: 0.22304753, closeness_centrality: 0.53534002, name: Europe, pages_pdf: [6, 7, 9, 16, 19, 20, 21, 22, 23, 24, 25, 26, 27, 28, 31, 36, 37, 48, 50, 51, 52, 53, 55, 59, 60, 67, 68, 69, 70, 71, 72, 73, 74, 75, 76, 78, 79, 80, 83, 86, 88, 89, 91, 96, 101, 102, 105, 107, 108, 109, 119, 120, 122, 123, 124, 125, 126, 144, 145, 147], degree_centrality: 0.47692308, label: Europe, synced_at: 2026-08-01T09:15:28.915000000Z})","[:CO_OCCURS_WITH {occurrence_count: 20, confidence: 0.693562, extraction_method: gazetteer_cooccurrence, excerpt: The North Atlantic winter jet is eddy driven and usually well separated from the subtropical jet. But the co-occurrence of thermal and eddy-driven jet mechanisms can result in a single merged jet. The configuration, latitude, speed and meandering of the jet stream are linked to different planetary wave activities and c, page_pdf: 21, page_these: 6, chunk_id: paragraph_based_00060, synced_at: 2026-08-01T09:15:29.960000000Z, relation_id: cooccur_0010}]","(:Entity {community_id: 5, entity_type: AtmosphericPattern, aliases: [atmospheric circulation], occurrence_count: 56, betweenness_centrality: 0.02913925, closeness_centrality: 0.43974359, name: atmospheric circulation, pages_pdf: [21, 25, 31, 35, 36, 37, 40, 46, 52, 56, 61, 69, 70, 71, 72, 73, 74, 75, 76, 77, 79, 83, 87, 88, 91, 93, 95, 96, 97, 99, 101, 103, 105, 107, 108, 122, 123], degree_centrality: 0.27692308, label: atmospheric circulation, synced_at: 2026-08-01T09:15:28.915000000Z})"
"(:Entity {community_id: 1, entity_type: Location, aliases: [Europe], occurrence_count: 106, betweenness_centrality: 0.22304753, closeness_centrality: 0.53534002, name: Europe, pages_pdf: [6, 7, 9, 16, 19, 20, 21, 22, 23, 24, 25, 26, 27, 28, 31, 36, 37, 48, 50, 51, 52, 53, 55, 59, 60, 67, 68, 69, 70, 71, 72, 73, 74, 75, 76, 78, 79, 80, 83, 86, 88, 89, 91, 96, 101, 102, 105, 107, 108, 109, 119, 120, 122, 123, 124, 125, 126, 144, 145, 147], degree_centrality: 0.47692308, label: Europe, synced_at: 2026-08-01T09:15:28.915000000Z})","[:CO_OCCURS_WITH {occurrence_count: 11, confidence: 0.648793, extraction_method: gazetteer_cooccurrence, excerpt: Abstract. Extreme cold winter temperatures in Europe have huge societal impacts. Being able to simulate worst-case scenarios for such events for present and future climates is hence crucial for short- and long-term adaptation. In this paper, we are interested in persistent cold events, whose probability will decrease w, page_pdf: 52, page_these: 37, chunk_id: paragraph_based_00228, synced_at: 2026-08-01T09:15:29.960000000Z, relation_id: cooccur_0019}]","(:Entity {community_id: 5, entity_type: Concept, aliases: [climate change], occurrence_count: 39, betweenness_centrality: 0.06844284, closeness_centrality: 0.38080888, name: climate change, pages_pdf: [16, 17, 18, 19, 24, 25, 28, 29, 31, 52, 53, 54, 55, 61, 62, 64, 67, 68, 75, 79, 80, 86, 89, 91, 95, 99, 101, 122, 123, 124, 125], degree_centrality: 0.15384615, label: climate change, synced_at: 2026-08-01T09:15:28.915000000Z})"
"(:Entity {community_id: 1, entity_type: Location, aliases: [Europe], occurrence_count: 106, betweenness_centrality: 0.22304753, closeness_centrality: 0.53534002, name: Europe, pages_pdf: [6, 7, 9, 16, 19, 20, 21, 22, 23, 24, 25, 26, 27, 28, 31, 36, 37, 48, 50, 51, 52, 53, 55, 59, 60, 67, 68, 69, 70, 71, 72, 73, 74, 75, 76, 78, 79, 80, 83, 86, 88, 89, 91, 96, 101, 102, 105, 107, 108, 109, 119, 120, 122, 123, 124, 125, 126, 144, 145, 147], degree_centrality: 0.47692308, label: Europe, synced_at: 2026-08-01T09:15:28.915000000Z})","[:CO_OCCURS_WITH {occurrence_count: 3, confidence: 0.560904, extraction_method: gazetteer_cooccurrence, excerpt: With this definition, 46 cold waves have been observed in France from 1947 to 2024 as displayed in Fig. 1.1. As of 2024, the last cold wave recorded occurred in 2018. An extreme cold wave occurred in February 2012, causing significant impacts on health and ecosystems in France and Western Europe (Lormée et al. 2013; de, page_pdf: 19, page_these: 4, chunk_id: paragraph_based_00050, synced_at: 2026-08-01T09:15:29.960000000Z, relation_id: cooccur_0090}]","(:Entity {community_id: 11, entity_type: ClimateEvent, aliases: [cold wave], occurrence_count: 10, betweenness_centrality: 0.02307692, closeness_centrality: 0.35862584, name: cold wave, pages_pdf: [19, 20, 23, 53, 61, 72, 99], degree_centrality: 0.09230769, label: cold wave, synced_at: 2026-08-01T09:15:28.915000000Z})"
"(:Entity {community_id: 1, entity_type: Location, aliases: [Europe], occurrence_count: 106, betweenness_centrality: 0.22304753, closeness_centrality: 0.53534002, name: Europe, pages_pdf: [6, 7, 9, 16, 19, 20, 21, 22, 23, 24, 25, 26, 27, 28, 31, 36, 37, 48, 50, 51, 52, 53, 55, 59, 60, 67, 68, 69, 70, 71, 72, 73, 74, 75, 76, 78, 79, 80, 83, 86, 88, 89, 91, 96, 101, 102, 105, 107, 108, 109, 119, 120, 122, 123, 124, 125, 126, 144, 145, 147], degree_centrality: 0.47692308, label: Europe, synced_at: 2026-08-01T09:15:28.915000000Z})","[:CO_OCCURS_WITH {occurrence_count: 3, confidence: 0.560904, extraction_method: gazetteer_cooccurrence, excerpt: These approaches assume a linear separation between both components, which is a limitation of these techniques. In this study, we pursue two different approaches to dynamical adjustment. Both approaches estimate the circulation-induced component of daily mean winter temperature over the target region (Germany domain), , page_pdf: 70, page_these: 55, chunk_id: paragraph_based_00365, synced_at: 2026-08-01T09:15:29.960000000Z, relation_id: cooccur_0091}]","(:Entity {community_id: 5, entity_type: Method, aliases: [dynamical adjustment], occurrence_count: 8, betweenness_centrality: 0.0, closeness_centrality: 0.31843501, name: dynamical adjustment, pages_pdf: [70, 72, 75, 79], degree_centrality: 0.03076923, label: dynamical adjustment, synced_at: 2026-08-01T09:15:28.915000000Z})"
"(:Entity {community_id: 1, entity_type: Location, aliases: [Europe], occurrence_count: 106, betweenness_centrality: 0.22304753, closeness_centrality: 0.53534002, name: Europe, pages_pdf: [6, 7, 9, 16, 19, 20, 21, 22, 23, 24, 25, 26, 27, 28, 31, 36, 37, 48, 50, 51, 52, 53, 55, 59, 60, 67, 68, 69, 70, 71, 72, 73, 74, 75, 76, 78, 79, 80, 83, 86, 88, 89, 91, 96, 101, 102, 105, 107, 108, 109, 119, 120, 122, 123, 124, 125, 126, 144, 145, 147], degree_centrality: 0.47692308, label: Europe, synced_at: 2026-08-01T09:15:28.915000000Z})","[:CO_OCCURS_WITH {occurrence_count: 3, confidence: 0.560904, extraction_method: gazetteer_cooccurrence, excerpt: Abstract. Central European winters have warmed markedly since the mid-20th century. Yet cold winters are still associated with severe societal impacts on energy systems, infrastructure, and public health. It is therefore crucial to anticipate storylines of worst-case cold winter conditions and to understand whether an , page_pdf: 68, page_these: 53, chunk_id: paragraph_based_00346, synced_at: 2026-08-01T09:15:29.960000000Z, relation_id: cooccur_0092}]","(:Entity {community_id: 11, entity_type: Method, aliases: [empirical importance sampling], occurrence_count: 17, betweenness_centrality: 0.0, closeness_centrality: 0.35517751, name: empirical importance sampling, pages_pdf: [30, 34, 40, 45, 46, 51, 68, 73, 75, 77, 78, 79, 90, 145], degree_centrality: 0.09230769, label: empirical importance sampling, synced_at: 2026-08-01T09:15:28.915000000Z})"
"(:Entity {community_id: 1, entity_type: Location, aliases: [Europe], occurrence_count: 106, betweenness_centrality: 0.22304753, closeness_centrality: 0.53534002, name: Europe, pages_pdf: [6, 7, 9, 16, 19, 20, 21, 22, 23, 24, 25, 26, 27, 28, 31, 36, 37, 48, 50, 51, 52, 53, 55, 59, 60, 67, 68, 69, 70, 71, 72, 73, 74, 75, 76, 78, 79, 80, 83, 86, 88, 89, 91, 96, 101, 102, 105, 107, 108, 109, 119, 120, 122, 123, 124, 125, 126, 144, 145, 147], degree_centrality: 0.47692308, label: Europe, synced_at: 2026-08-01T09:15:28.915000000Z})","[:CO_OCCURS_WITH {occurrence_count: 6, confidence: 0.605673, extraction_method: gazetteer_cooccurrence, excerpt: Le chapitre 3 explore l'évolution des hivers extrêmes dans le passé et le présent dans deux pays européens. Il présente également une étude comparative entre le SWG et la méthode d'ensemble boosting. Ce chapitre inclut deux articles publiés : un en tant que première autrice et un en tant que co-autrice., page_pdf: 7, chunk_id: paragraph_based_00011, synced_at: 2026-08-01T09:15:29.960000000Z, relation_id: cooccur_0053}]","(:Entity {community_id: 5, entity_type: Method, aliases: [ensemble boosting], occurrence_count: 17, betweenness_centrality: 0.00489698, closeness_centrality: 0.36572734, name: ensemble boosting, pages_pdf: [7, 30, 31, 50, 51, 54, 83, 84, 90, 95, 105, 122, 126], degree_centrality: 0.13846154, label: ensemble boosting, synced_at: 2026-08-01T09:15:28.915000000Z})"
"(:Entity {community_id: 1, entity_type: Location, aliases: [Europe], occurrence_count: 106, betweenness_centrality: 0.22304753, closeness_centrality: 0.53534002, name: Europe, pages_pdf: [6, 7, 9, 16, 19, 20, 21, 22, 23, 24, 25, 26, 27, 28, 31, 36, 37, 48, 50, 51, 52, 53, 55, 59, 60, 67, 68, 69, 70, 71, 72, 73, 74, 75, 76, 78, 79, 80, 83, 86, 88, 89, 91, 96, 101, 102, 105, 107, 108, 109, 119, 120, 122, 123, 124, 125, 126, 144, 145, 147], degree_centrality: 0.47692308, label: Europe, synced_at: 2026-08-01T09:15:28.915000000Z})","[:CO_OCCURS_WITH {occurrence_count: 11, confidence: 0.648793, extraction_method: gazetteer_cooccurrence, excerpt: The presence of a blocking over the North Atlantic or Scandinavia leads to a weakening of westerlies and allows the advection of cold air masses from the Arctic or Siberia. Many studies document the link between blocking and extreme cold events in Europe (Buehler et al. 2011; Sillmann et al. 2011; Pfahl 2014; Brunner e, page_pdf: 22, page_these: 7, chunk_id: paragraph_based_00065, synced_at: 2026-08-01T09:15:29.960000000Z, relation_id: cooccur_0020}]","(:Entity {community_id: 5, entity_type: ClimateEvent, aliases: [extreme cold events], occurrence_count: 39, betweenness_centrality: 0.01216174, closeness_centrality: 0.41042735, name: extreme cold events, pages_pdf: [16, 19, 20, 22, 23, 24, 25, 28, 31, 38, 40, 50, 52, 55, 60, 83, 86, 95, 99, 101, 107, 122, 123, 125, 144, 145, 147], degree_centrality: 0.21538462, label: extreme cold events, synced_at: 2026-08-01T09:15:28.915000000Z})"
"(:Entity {community_id: 1, entity_type: Location, aliases: [Europe], occurrence_count: 106, betweenness_centrality: 0.22304753, closeness_centrality: 0.53534002, name: Europe, pages_pdf: [6, 7, 9, 16, 19, 20, 21, 22, 23, 24, 25, 26, 27, 28, 31, 36, 37, 48, 50, 51, 52, 53, 55, 59, 60, 67, 68, 69, 70, 71, 72, 73, 74, 75, 76, 78, 79, 80, 83, 86, 88, 89, 91, 96, 101, 102, 105, 107, 108, 109, 119, 120, 122, 123, 124, 125, 126, 144, 145, 147], degree_centrality: 0.47692308, label: Europe, synced_at: 2026-08-01T09:15:28.915000000Z})","[:CO_OCCURS_WITH {occurrence_count: 3, confidence: 0.560904, extraction_method: gazetteer_cooccurrence, excerpt: The North Atlantic winter jet is eddy driven and usually well separated from the subtropical jet. But the co-occurrence of thermal and eddy-driven jet mechanisms can result in a single merged jet. The configuration, latitude, speed and meandering of the jet stream are linked to different planetary wave activities and c, page_pdf: 21, page_these: 6, chunk_id: paragraph_based_00060, synced_at: 2026-08-01T09:15:29.960000000Z, relation_id: cooccur_0093}]","(:Entity {community_id: 1, entity_type: AtmosphericPattern, aliases: [jet stream], occurrence_count: 8, betweenness_centrality: 0.00660256, closeness_centrality: 0.35517751, name: jet stream, pages_pdf: [20, 21, 22, 26, 69, 89], degree_centrality: 0.12307692, label: jet stream, synced_at: 2026-08-01T09:15:28.915000000Z})"
"(:Entity {community_id: 1, entity_type: Location, aliases: [Europe], occurrence_count: 106, betweenness_centrality: 0.22304753, closeness_centrality: 0.53534002, name: Europe, pages_pdf: [6, 7, 9, 16, 19, 20, 21, 22, 23, 24, 25, 26, 27, 28, 31, 36, 37, 48, 50, 51, 52, 53, 55, 59, 60, 67, 68, 69, 70, 71, 72, 73, 74, 75, 76, 78, 79, 80, 83, 86, 88, 89, 91, 96, 101, 102, 105, 107, 108, 109, 119, 120, 122, 123, 124, 125, 126, 144, 145, 147], degree_centrality: 0.47692308, label: Europe, synced_at: 2026-08-01T09:15:28.915000000Z})","[:CO_OCCURS_WITH {occurrence_count: 2, confidence: 0.537889, extraction_method: gazetteer_cooccurrence, excerpt: Winter cold spells in the midlatitudes have had wide-ranging impacts, affecting agriculture (Trnka et al., 2011; Vogel et al., 2019), health (Gasparrini et al., 2015; Smith and Sheridan, 2019), infrastructure (Chang et al., 2007) or energy systems (Añel et al., 2017; Bessec and Fouquau, 2008; Van Der Wiel et al., 2019), page_pdf: 52, page_these: 37, chunk_id: paragraph_based_00231, synced_at: 2026-08-01T09:15:29.960000000Z, relation_id: cooccur_0125}]","(:Entity {community_id: 5, entity_type: Concept, aliases: [midlatitudes], occurrence_count: 9, betweenness_centrality: 0.0, closeness_centrality: 0.3358042, name: midlatitudes, pages_pdf: [16, 24, 52, 53, 61, 122], degree_centrality: 0.06153846, label: midlatitudes, synced_at: 2026-08-01T09:15:28.915000000Z})"
"(:Entity {community_id: 1, entity_type: Location, aliases: [Europe], occurrence_count: 106, betweenness_centrality: 0.22304753, closeness_centrality: 0.53534002, name: Europe, pages_pdf: [6, 7, 9, 16, 19, 20, 21, 22, 23, 24, 25, 26, 27, 28, 31, 36, 37, 48, 50, 51, 52, 53, 55, 59, 60, 67, 68, 69, 70, 71, 72, 73, 74, 75, 76, 78, 79, 80, 83, 86, 88, 89, 91, 96, 101, 102, 105, 107, 108, 109, 119, 120, 122, 123, 124, 125, 126, 144, 145, 147], degree_centrality: 0.47692308, label: Europe, synced_at: 2026-08-01T09:15:28.915000000Z})","[:CO_OCCURS_WITH {occurrence_count: 3, confidence: 0.560904, extraction_method: gazetteer_cooccurrence, excerpt: Cohen et al. (2023) note that the robust Arctic warming trend is accompanied by stable cold extremes in the United States and Northeast Asia, while there is a significant decrease in Europe. These discrepancies in mid-latitude cold extremes are supposedly due to the effect of a stretched polar vortex, which is stronger, page_pdf: 27, page_these: 12, chunk_id: paragraph_based_00098, synced_at: 2026-08-01T09:15:29.960000000Z, relation_id: cooccur_0094}]","(:Entity {community_id: 1, entity_type: AtmosphericPattern, aliases: [polar vortex], occurrence_count: 5, betweenness_centrality: 0.0, closeness_centrality: 0.32120401, name: polar vortex, pages_pdf: [16, 21, 27, 69], degree_centrality: 0.04615385, label: polar vortex, synced_at: 2026-08-01T09:15:28.915000000Z})"
"(:Entity {community_id: 1, entity_type: Location, aliases: [Europe], occurrence_count: 106, betweenness_centrality: 0.22304753, closeness_centrality: 0.53534002, name: Europe, pages_pdf: [6, 7, 9, 16, 19, 20, 21, 22, 23, 24, 25, 26, 27, 28, 31, 36, 37, 48, 50, 51, 52, 53, 55, 59, 60, 67, 68, 69, 70, 71, 72, 73, 74, 75, 76, 78, 79, 80, 83, 86, 88, 89, 91, 96, 101, 102, 105, 107, 108, 109, 119, 120, 122, 123, 124, 125, 126, 144, 145, 147], degree_centrality: 0.47692308, label: Europe, synced_at: 2026-08-01T09:15:28.915000000Z})","[:CO_OCCURS_WITH {occurrence_count: 16, confidence: 0.676657, extraction_method: gazetteer_cooccurrence, excerpt: In the NAO-regime, the Azores anticyclone is highly weakened and an anticyclone over Iceland replaces the usual low pressure there. A highly negative NAO index (i.e. a predominant NAO-weather regime) is usually associated with cold winters in Europe (Van Loon and Rogers 1978; Hurrell 1995). For instance, winter of 2009, page_pdf: 22, page_these: 7, chunk_id: paragraph_based_00064, synced_at: 2026-08-01T09:15:29.960000000Z, relation_id: cooccur_0014}]","(:Entity {community_id: 11, entity_type: Period, aliases: [winter 1963], occurrence_count: 48, betweenness_centrality: 0.07610701, closeness_centrality: 0.41042735, name: winter 1963, pages_pdf: [19, 22, 43, 45, 47, 50, 51, 53, 54, 55, 57, 58, 59, 60, 61, 68, 69, 70, 71, 72, 74, 75, 76, 78, 83, 86, 95], degree_centrality: 0.26153846, label: winter 1963, synced_at: 2026-08-01T09:15:28.915000000Z})"
"(:Entity {community_id: 11, entity_type: Location, aliases: [France], occurrence_count: 88, betweenness_centrality: 0.03731467, closeness_centrality: 0.45603039, name: France, pages_pdf: [7, 8, 19, 20, 23, 25, 28, 31, 40, 46, 50, 51, 52, 53, 54, 55, 59, 60, 61, 62, 64, 68, 75, 83, 84, 86, 87, 88, 89, 90, 91, 92, 93, 95, 96, 97, 99, 101, 105, 107, 108, 119, 120, 123, 125, 126, 144, 145, 147, 175], degree_centrality: 0.30769231, label: France, synced_at: 2026-08-01T09:15:28.915000000Z})","[:CO_OCCURS_WITH {occurrence_count: 4, confidence: 0.578755, extraction_method: gazetteer_cooccurrence, excerpt: Z500 mean anomalies maps during the coldest 15-day cold spells in ERA5 show a dipole between Iceland and southwestern Europe. Therefore, to investigate the dynamics of cold spells in France, we compute a Western Europe Cold Circulation index (WCC), which characterizes this atmospheric pattern, by subtracting the mean o, page_pdf: 96, page_these: 81, chunk_id: paragraph_based_00527, synced_at: 2026-08-01T09:15:29.960000000Z, relation_id: cooccur_0067}]","(:Entity {community_id: 1, entity_type: AtmosphericPattern, aliases: [NAO, North Atlantic Oscillation], occurrence_count: 18, betweenness_centrality: 0.03032069, closeness_centrality: 0.39296236, name: NAO, pages_pdf: [21, 22, 26, 27, 38, 53, 59, 69, 89, 96, 97, 103, 105, 108, 125], degree_centrality: 0.2, label: North Atlantic Oscillation, synced_at: 2026-08-01T09:15:28.915000000Z})"
"(:Entity {community_id: 11, entity_type: Location, aliases: [France], occurrence_count: 88, betweenness_centrality: 0.03731467, closeness_centrality: 0.45603039, name: France, pages_pdf: [7, 8, 19, 20, 23, 25, 28, 31, 40, 46, 50, 51, 52, 53, 54, 55, 59, 60, 61, 62, 64, 68, 75, 83, 84, 86, 87, 88, 89, 90, 91, 92, 93, 95, 96, 97, 99, 101, 105, 107, 108, 119, 120, 123, 125, 126, 144, 145, 147, 175], degree_centrality: 0.30769231, label: France, synced_at: 2026-08-01T09:15:28.915000000Z})","[:CO_OCCURS_WITH {occurrence_count: 2, confidence: 0.537889, extraction_method: gazetteer_cooccurrence, excerpt: Figure 1. Empirical probability distributions of DJF mean temperatures (without mean correction) over France from 1950 to 2000 for ERA5 (black) and the 11 CMIP6 models (colours) in Table 1. In the box plots, the boxes represent the median (q50), with the lower and upper hinges denoting the first (q25) and third (q75) q, page_pdf: 92, page_these: 77, chunk_id: paragraph_based_00484, synced_at: 2026-08-01T09:15:29.960000000Z, relation_id: cooccur_0126}]","(:Entity {community_id: 3, entity_type: Concept, aliases: [SSP, Shared Socioeconomic Pathways], occurrence_count: 28, betweenness_centrality: 0.00034054, closeness_centrality: 0.32120401, name: SSP, pages_pdf: [24, 92, 94, 100, 103, 104, 120, 176, 177, 178, 179, 180, 181, 182, 183, 184, 185, 186, 187, 188, 189, 190, 191, 192, 193, 194, 195], degree_centrality: 0.10769231, label: Shared Socioeconomic Pathways, synced_at: 2026-08-01T09:15:28.915000000Z})"
"(:Entity {community_id: 11, entity_type: Location, aliases: [France], occurrence_count: 88, betweenness_centrality: 0.03731467, closeness_centrality: 0.45603039, name: France, pages_pdf: [7, 8, 19, 20, 23, 25, 28, 31, 40, 46, 50, 51, 52, 53, 54, 55, 59, 60, 61, 62, 64, 68, 75, 83, 84, 86, 87, 88, 89, 90, 91, 92, 93, 95, 96, 97, 99, 101, 105, 107, 108, 119, 120, 123, 125, 126, 144, 145, 147, 175], degree_centrality: 0.30769231, label: France, synced_at: 2026-08-01T09:15:28.915000000Z})","[:CO_OCCURS_WITH {occurrence_count: 29, confidence: 0.722096, extraction_method: gazetteer_cooccurrence, excerpt: winter events, I use the term ""cold spell"" because the analyses conducted with the SWG examine cold events that are relatively attainable within a given climate. In statistical terms, an event equivalent to the February 2012 cold wave in the future would not necessarily be considered a cold wave according to Météo-Fran, page_pdf: 20, page_these: 5, chunk_id: paragraph_based_00054, synced_at: 2026-08-01T09:15:29.960000000Z, relation_id: cooccur_0002}]","(:Entity {community_id: 5, entity_type: Method, aliases: [SWG, Stochastic Weather Generator], occurrence_count: 199, betweenness_centrality: 0.07593782, closeness_centrality: 0.46173077, name: SWG, pages_pdf: [7, 19, 20, 30, 31, 34, 37, 38, 39, 40, 41, 43, 44, 45, 46, 47, 48, 50, 51, 52, 53, 54, 55, 56, 57, 58, 59, 60, 61, 62, 63, 64, 67, 73, 78, 79, 83, 84, 86, 87, 88, 90, 94, 95, 96, 97, 98, 99, 100, 101, 102, 103, 104, 105, 106, 108, 119, 120, 122, 123, 124, 125, 126, 144, 145, 147, 175, 176, 177, 178, 179, 180, 181, 182, 183, 184, 185, 186, 187, 188, 189, 190, 191, 192, 193, 194, 195, 196, 197, 198, 199, 200, 201, 202, 203, 204, 205], degree_centrality: 0.33846154, label: Stochastic Weather Generator, synced_at: 2026-08-01T09:15:28.915000000Z})"
"(:Entity {community_id: 11, entity_type: Location, aliases: [France], occurrence_count: 88, betweenness_centrality: 0.03731467, closeness_centrality: 0.45603039, name: France, pages_pdf: [7, 8, 19, 20, 23, 25, 28, 31, 40, 46, 50, 51, 52, 53, 54, 55, 59, 60, 61, 62, 64, 68, 75, 83, 84, 86, 87, 88, 89, 90, 91, 92, 93, 95, 96, 97, 99, 101, 105, 107, 108, 119, 120, 123, 125, 126, 144, 145, 147, 175], degree_centrality: 0.30769231, label: France, synced_at: 2026-08-01T09:15:28.915000000Z})","[:CO_OCCURS_WITH {occurrence_count: 2, confidence: 0.537889, extraction_method: gazetteer_cooccurrence, excerpt: cold event. A Scandinavian blocking brings cold air through Siberia and the North-East of Europe. That air remains over land areas. Therefore this configuration, sometimes referred to as Moscow-Paris express, usually causes the most intense cold spells over Western Europe and France (Fig. 1.4). When air is advected thr, page_pdf: 23, page_these: 8, chunk_id: paragraph_based_00067, synced_at: 2026-08-01T09:15:29.960000000Z, relation_id: cooccur_0127}]","(:Entity {community_id: 1, entity_type: Location, aliases: [Siberia], occurrence_count: 4, betweenness_centrality: 0.0, closeness_centrality: 0.32688904, name: Siberia, pages_pdf: [22, 23, 38], degree_centrality: 0.06153846, label: Siberia, synced_at: 2026-08-01T09:15:28.915000000Z})"
"(:Entity {community_id: 11, entity_type: Location, aliases: [France], occurrence_count: 88, betweenness_centrality: 0.03731467, closeness_centrality: 0.45603039, name: France, pages_pdf: [7, 8, 19, 20, 23, 25, 28, 31, 40, 46, 50, 51, 52, 53, 54, 55, 59, 60, 61, 62, 64, 68, 75, 83, 84, 86, 87, 88, 89, 90, 91, 92, 93, 95, 96, 97, 99, 101, 105, 107, 108, 119, 120, 123, 125, 126, 144, 145, 147, 175], degree_centrality: 0.30769231, label: France, synced_at: 2026-08-01T09:15:28.915000000Z})","[:CO_OCCURS_WITH {occurrence_count: 9, confidence: 0.634207, extraction_method: gazetteer_cooccurrence, excerpt: Z500 mean anomalies maps during the coldest 15-day cold spells in ERA5 show a dipole between Iceland and southwestern Europe. Therefore, to investigate the dynamics of cold spells in France, we compute a Western Europe Cold Circulation index (WCC), which characterizes this atmospheric pattern, by subtracting the mean o, page_pdf: 96, page_these: 81, chunk_id: paragraph_based_00527, synced_at: 2026-08-01T09:15:29.960000000Z, relation_id: cooccur_0036}]","(:Entity {community_id: 3, entity_type: Location, aliases: [WCC, Western Europe Cold Circulation index], occurrence_count: 20, betweenness_centrality: 0.02509039, closeness_centrality: 0.37692308, name: WCC, pages_pdf: [96, 97, 99, 101, 102, 103, 104, 105, 107, 108, 120], degree_centrality: 0.16923077, label: Western Europe Cold Circulation index, synced_at: 2026-08-01T09:15:28.915000000Z})"
"(:Entity {community_id: 11, entity_type: Location, aliases: [France], occurrence_count: 88, betweenness_centrality: 0.03731467, closeness_centrality: 0.45603039, name: France, pages_pdf: [7, 8, 19, 20, 23, 25, 28, 31, 40, 46, 50, 51, 52, 53, 54, 55, 59, 60, 61, 62, 64, 68, 75, 83, 84, 86, 87, 88, 89, 90, 91, 92, 93, 95, 96, 97, 99, 101, 105, 107, 108, 119, 120, 123, 125, 126, 144, 145, 147, 175], degree_centrality: 0.30769231, label: France, synced_at: 2026-08-01T09:15:28.915000000Z})","[:CO_OCCURS_WITH {occurrence_count: 10, confidence: 0.641832, extraction_method: gazetteer_cooccurrence, excerpt: With this definition, 46 cold waves have been observed in France from 1947 to 2024 as displayed in Fig. 1.1. As of 2024, the last cold wave recorded occurred in 2018. An extreme cold wave occurred in February 2012, causing significant impacts on health and ecosystems in France and Western Europe (Lormée et al. 2013; de, page_pdf: 19, page_these: 4, chunk_id: paragraph_based_00050, synced_at: 2026-08-01T09:15:29.960000000Z, relation_id: cooccur_0024}]","(:Entity {community_id: 1, entity_type: Location, aliases: [Western Europe], occurrence_count: 25, betweenness_centrality: 0.01492359, closeness_centrality: 0.40591716, name: Western Europe, pages_pdf: [16, 19, 20, 21, 22, 23, 25, 31, 37, 52, 53, 60, 68, 69, 88, 89, 96, 102, 105, 107, 123], degree_centrality: 0.21538462, label: Western Europe, synced_at: 2026-08-01T09:15:28.915000000Z})"
"(:Entity {community_id: 11, entity_type: Location, aliases: [France], occurrence_count: 88, betweenness_centrality: 0.03731467, closeness_centrality: 0.45603039, name: France, pages_pdf: [7, 8, 19, 20, 23, 25, 28, 31, 40, 46, 50, 51, 52, 53, 54, 55, 59, 60, 61, 62, 64, 68, 75, 83, 84, 86, 87, 88, 89, 90, 91, 92, 93, 95, 96, 97, 99, 101, 105, 107, 108, 119, 120, 123, 125, 126, 144, 145, 147, 175], degree_centrality: 0.30769231, label: France, synced_at: 2026-08-01T09:15:28.915000000Z})","[:CO_OCCURS_WITH {occurrence_count: 10, confidence: 0.641832, extraction_method: gazetteer_cooccurrence, excerpt: Section 3.3 displays a study in which I participated that raises a similar question about winter 1963 over Germany, and that uses both the ensemble boosting and the SWG with empirical importance sampling methods to answer it. I ran the SWG simulations for this paper and computed composite maps of TG90d, Z500 and albedo, page_pdf: 51, page_these: 36, chunk_id: paragraph_based_00219, synced_at: 2026-08-01T09:15:29.960000000Z, relation_id: cooccur_0025}]","(:Entity {community_id: 3, entity_type: Concept, aliases: [Z500], occurrence_count: 55, betweenness_centrality: 0.00361009, closeness_centrality: 0.38882591, name: Z500, pages_pdf: [35, 36, 37, 38, 40, 46, 47, 48, 51, 73, 86, 87, 91, 93, 94, 96, 101, 102, 103, 104, 107, 108, 119, 124, 175, 176, 177, 178, 179, 180, 181, 182, 183, 184, 185, 186, 187, 188, 189, 190, 191, 192, 193, 194, 195], degree_centrality: 0.16923077, label: Z500, synced_at: 2026-08-01T09:15:28.915000000Z})"
"(:Entity {community_id: 11, entity_type: Location, aliases: [France], occurrence_count: 88, betweenness_centrality: 0.03731467, closeness_centrality: 0.45603039, name: France, pages_pdf: [7, 8, 19, 20, 23, 25, 28, 31, 40, 46, 50, 51, 52, 53, 54, 55, 59, 60, 61, 62, 64, 68, 75, 83, 84, 86, 87, 88, 89, 90, 91, 92, 93, 95, 96, 97, 99, 101, 105, 107, 108, 119, 120, 123, 125, 126, 144, 145, 147, 175], degree_centrality: 0.30769231, label: France, synced_at: 2026-08-01T09:15:28.915000000Z})","[:CO_OCCURS_WITH {occurrence_count: 6, confidence: 0.605673, extraction_method: gazetteer_cooccurrence, excerpt: We now explore our second research question, namely whether a winter as cold as 1963 would still be possible in today's climate. Based on the statistical GEV analysis presented in Sect. 3.2, cold temperatures such as in winter 1963 would still be possible today, albeit very unlikely (best estimate of a 371-year return , page_pdf: 75, page_these: 60, chunk_id: paragraph_based_00404, synced_at: 2026-08-01T09:15:29.960000000Z, relation_id: cooccur_0054}]","(:Entity {community_id: 5, entity_type: Concept, aliases: [analogues], occurrence_count: 101, betweenness_centrality: 0.02321405, closeness_centrality: 0.41042735, name: analogues, pages_pdf: [7, 30, 31, 34, 35, 36, 37, 38, 39, 40, 41, 43, 44, 45, 46, 48, 53, 55, 56, 57, 58, 59, 60, 61, 62, 63, 71, 72, 73, 74, 75, 83, 84, 88, 90, 93, 94, 95, 99, 100, 119, 123, 124, 145], degree_centrality: 0.23076923, label: analogues, synced_at: 2026-08-01T09:15:28.915000000Z})"
"(:Entity {community_id: 11, entity_type: Location, aliases: [France], occurrence_count: 88, betweenness_centrality: 0.03731467, closeness_centrality: 0.45603039, name: France, pages_pdf: [7, 8, 19, 20, 23, 25, 28, 31, 40, 46, 50, 51, 52, 53, 54, 55, 59, 60, 61, 62, 64, 68, 75, 83, 84, 86, 87, 88, 89, 90, 91, 92, 93, 95, 96, 97, 99, 101, 105, 107, 108, 119, 120, 123, 125, 126, 144, 145, 147, 175], degree_centrality: 0.30769231, label: France, synced_at: 2026-08-01T09:15:28.915000000Z})","[:CO_OCCURS_WITH {occurrence_count: 10, confidence: 0.641832, extraction_method: gazetteer_cooccurrence, excerpt: 4. Is the atmospheric pattern typically associated with extreme cold spells in Western Europe a necessary and sufficient condition for these cold spells to occur? The fourth and final objective is to track the atmospheric circulation typically associated with cold spells to assess if GCMs are accurately reproducing it , page_pdf: 31, page_these: 16, chunk_id: paragraph_based_00126, synced_at: 2026-08-01T09:15:29.960000000Z, relation_id: cooccur_0026}]","(:Entity {community_id: 5, entity_type: AtmosphericPattern, aliases: [atmospheric circulation], occurrence_count: 56, betweenness_centrality: 0.02913925, closeness_centrality: 0.43974359, name: atmospheric circulation, pages_pdf: [21, 25, 31, 35, 36, 37, 40, 46, 52, 56, 61, 69, 70, 71, 72, 73, 74, 75, 76, 77, 79, 83, 87, 88, 91, 93, 95, 96, 97, 99, 101, 103, 105, 107, 108, 122, 123], degree_centrality: 0.27692308, label: atmospheric circulation, synced_at: 2026-08-01T09:15:28.915000000Z})"
"(:Entity {community_id: 11, entity_type: Location, aliases: [France], occurrence_count: 88, betweenness_centrality: 0.03731467, closeness_centrality: 0.45603039, name: France, pages_pdf: [7, 8, 19, 20, 23, 25, 28, 31, 40, 46, 50, 51, 52, 53, 54, 55, 59, 60, 61, 62, 64, 68, 75, 83, 84, 86, 87, 88, 89, 90, 91, 92, 93, 95, 96, 97, 99, 101, 105, 107, 108, 119, 120, 123, 125, 126, 144, 145, 147, 175], degree_centrality: 0.30769231, label: France, synced_at: 2026-08-01T09:15:28.915000000Z})","[:CO_OCCURS_WITH {occurrence_count: 7, confidence: 0.616355, extraction_method: gazetteer_cooccurrence, excerpt: Abstract. Extreme cold winter temperatures in Europe have huge societal impacts. Being able to simulate worst-case scenarios for such events for present and future climates is hence crucial for short- and long-term adaptation. In this paper, we are interested in persistent cold events, whose probability will decrease w, page_pdf: 52, page_these: 37, chunk_id: paragraph_based_00228, synced_at: 2026-08-01T09:15:29.960000000Z, relation_id: cooccur_0045}]","(:Entity {community_id: 5, entity_type: Concept, aliases: [climate change], occurrence_count: 39, betweenness_centrality: 0.06844284, closeness_centrality: 0.38080888, name: climate change, pages_pdf: [16, 17, 18, 19, 24, 25, 28, 29, 31, 52, 53, 54, 55, 61, 62, 64, 67, 68, 75, 79, 80, 86, 89, 91, 95, 99, 101, 122, 123, 124, 125], degree_centrality: 0.15384615, label: climate change, synced_at: 2026-08-01T09:15:28.915000000Z})"
"(:Entity {community_id: 11, entity_type: Location, aliases: [France], occurrence_count: 88, betweenness_centrality: 0.03731467, closeness_centrality: 0.45603039, name: France, pages_pdf: [7, 8, 19, 20, 23, 25, 28, 31, 40, 46, 50, 51, 52, 53, 54, 55, 59, 60, 61, 62, 64, 68, 75, 83, 84, 86, 87, 88, 89, 90, 91, 92, 93, 95, 96, 97, 99, 101, 105, 107, 108, 119, 120, 123, 125, 126, 144, 145, 147, 175], degree_centrality: 0.30769231, label: France, synced_at: 2026-08-01T09:15:28.915000000Z})","[:CO_OCCURS_WITH {occurrence_count: 5, confidence: 0.593341, extraction_method: gazetteer_cooccurrence, excerpt: In France, Météo France considers that a cold wave occurs when the observed national mean temperature (computed through the national thermal indicator) is:, page_pdf: 19, page_these: 4, chunk_id: paragraph_based_00048, synced_at: 2026-08-01T09:15:29.960000000Z, relation_id: cooccur_0058}]","(:Entity {community_id: 11, entity_type: ClimateEvent, aliases: [cold wave], occurrence_count: 10, betweenness_centrality: 0.02307692, closeness_centrality: 0.35862584, name: cold wave, pages_pdf: [19, 20, 23, 53, 61, 72, 99], degree_centrality: 0.09230769, label: cold wave, synced_at: 2026-08-01T09:15:28.915000000Z})"
"(:Entity {community_id: 11, entity_type: Location, aliases: [France], occurrence_count: 88, betweenness_centrality: 0.03731467, closeness_centrality: 0.45603039, name: France, pages_pdf: [7, 8, 19, 20, 23, 25, 28, 31, 40, 46, 50, 51, 52, 53, 54, 55, 59, 60, 61, 62, 64, 68, 75, 83, 84, 86, 87, 88, 89, 90, 91, 92, 93, 95, 96, 97, 99, 101, 105, 107, 108, 119, 120, 123, 125, 126, 144, 145, 147, 175], degree_centrality: 0.30769231, label: France, synced_at: 2026-08-01T09:15:28.915000000Z})","[:CO_OCCURS_WITH {occurrence_count: 3, confidence: 0.560904, extraction_method: gazetteer_cooccurrence, excerpt: Section 3.3 displays a study in which I participated that raises a similar question about winter 1963 over Germany, and that uses both the ensemble boosting and the SWG with empirical importance sampling methods to answer it. I ran the SWG simulations for this paper and computed composite maps of TG90d, Z500 and albedo, page_pdf: 51, page_these: 36, chunk_id: paragraph_based_00219, synced_at: 2026-08-01T09:15:29.960000000Z, relation_id: cooccur_0095}]","(:Entity {community_id: 11, entity_type: Method, aliases: [empirical importance sampling], occurrence_count: 17, betweenness_centrality: 0.0, closeness_centrality: 0.35517751, name: empirical importance sampling, pages_pdf: [30, 34, 40, 45, 46, 51, 68, 73, 75, 77, 78, 79, 90, 145], degree_centrality: 0.09230769, label: empirical importance sampling, synced_at: 2026-08-01T09:15:28.915000000Z})"
"(:Entity {community_id: 11, entity_type: Location, aliases: [France], occurrence_count: 88, betweenness_centrality: 0.03731467, closeness_centrality: 0.45603039, name: France, pages_pdf: [7, 8, 19, 20, 23, 25, 28, 31, 40, 46, 50, 51, 52, 53, 54, 55, 59, 60, 61, 62, 64, 68, 75, 83, 84, 86, 87, 88, 89, 90, 91, 92, 93, 95, 96, 97, 99, 101, 105, 107, 108, 119, 120, 123, 125, 126, 144, 145, 147, 175], degree_centrality: 0.30769231, label: France, synced_at: 2026-08-01T09:15:28.915000000Z})","[:CO_OCCURS_WITH {occurrence_count: 5, confidence: 0.593341, extraction_method: gazetteer_cooccurrence, excerpt: Section 3.3 displays a study in which I participated that raises a similar question about winter 1963 over Germany, and that uses both the ensemble boosting and the SWG with empirical importance sampling methods to answer it. I ran the SWG simulations for this paper and computed composite maps of TG90d, Z500 and albedo, page_pdf: 51, page_these: 36, chunk_id: paragraph_based_00219, synced_at: 2026-08-01T09:15:29.960000000Z, relation_id: cooccur_0059}]","(:Entity {community_id: 5, entity_type: Method, aliases: [ensemble boosting], occurrence_count: 17, betweenness_centrality: 0.00489698, closeness_centrality: 0.36572734, name: ensemble boosting, pages_pdf: [7, 30, 31, 50, 51, 54, 83, 84, 90, 95, 105, 122, 126], degree_centrality: 0.13846154, label: ensemble boosting, synced_at: 2026-08-01T09:15:28.915000000Z})"
"(:Entity {community_id: 11, entity_type: Location, aliases: [France], occurrence_count: 88, betweenness_centrality: 0.03731467, closeness_centrality: 0.45603039, name: France, pages_pdf: [7, 8, 19, 20, 23, 25, 28, 31, 40, 46, 50, 51, 52, 53, 54, 55, 59, 60, 61, 62, 64, 68, 75, 83, 84, 86, 87, 88, 89, 90, 91, 92, 93, 95, 96, 97, 99, 101, 105, 107, 108, 119, 120, 123, 125, 126, 144, 145, 147, 175], degree_centrality: 0.30769231, label: France, synced_at: 2026-08-01T09:15:28.915000000Z})","[:CO_OCCURS_WITH {occurrence_count: 10, confidence: 0.641832, extraction_method: gazetteer_cooccurrence, excerpt: winter events, I use the term ""cold spell"" because the analyses conducted with the SWG examine cold events that are relatively attainable within a given climate. In statistical terms, an event equivalent to the February 2012 cold wave in the future would not necessarily be considered a cold wave according to Météo-Fran, page_pdf: 20, page_these: 5, chunk_id: paragraph_based_00054, synced_at: 2026-08-01T09:15:29.960000000Z, relation_id: cooccur_0027}]","(:Entity {community_id: 5, entity_type: ClimateEvent, aliases: [extreme cold events], occurrence_count: 39, betweenness_centrality: 0.01216174, closeness_centrality: 0.41042735, name: extreme cold events, pages_pdf: [16, 19, 20, 22, 23, 24, 25, 28, 31, 38, 40, 50, 52, 55, 60, 83, 86, 95, 99, 101, 107, 122, 123, 125, 144, 145, 147], degree_centrality: 0.21538462, label: extreme cold events, synced_at: 2026-08-01T09:15:28.915000000Z})"
"(:Entity {community_id: 11, entity_type: Location, aliases: [France], occurrence_count: 88, betweenness_centrality: 0.03731467, closeness_centrality: 0.45603039, name: France, pages_pdf: [7, 8, 19, 20, 23, 25, 28, 31, 40, 46, 50, 51, 52, 53, 54, 55, 59, 60, 61, 62, 64, 68, 75, 83, 84, 86, 87, 88, 89, 90, 91, 92, 93, 95, 96, 97, 99, 101, 105, 107, 108, 119, 120, 123, 125, 126, 144, 145, 147, 175], degree_centrality: 0.30769231, label: France, synced_at: 2026-08-01T09:15:28.915000000Z})","[:CO_OCCURS_WITH {occurrence_count: 2, confidence: 0.537889, extraction_method: gazetteer_cooccurrence, excerpt: However, uncertainties remain about the potential dynamical effects of climate change on severe winter midlatitude weather (Cohen et al., 2020; Horton et al., 2015; Overland et al., 2016; Shepherd, 2015). Arctic amplification (AA) is a mechanism that may lead to an increase in severe winter weather in the midlatitudes , page_pdf: 53, page_these: 38, chunk_id: paragraph_based_00235, synced_at: 2026-08-01T09:15:29.960000000Z, relation_id: cooccur_0128}]","(:Entity {community_id: 5, entity_type: Concept, aliases: [midlatitudes], occurrence_count: 9, betweenness_centrality: 0.0, closeness_centrality: 0.3358042, name: midlatitudes, pages_pdf: [16, 24, 52, 53, 61, 122], degree_centrality: 0.06153846, label: midlatitudes, synced_at: 2026-08-01T09:15:28.915000000Z})"
"(:Entity {community_id: 11, entity_type: Location, aliases: [France], occurrence_count: 88, betweenness_centrality: 0.03731467, closeness_centrality: 0.45603039, name: France, pages_pdf: [7, 8, 19, 20, 23, 25, 28, 31, 40, 46, 50, 51, 52, 53, 54, 55, 59, 60, 61, 62, 64, 68, 75, 83, 84, 86, 87, 88, 89, 90, 91, 92, 93, 95, 96, 97, 99, 101, 105, 107, 108, 119, 120, 123, 125, 126, 144, 145, 147, 175], degree_centrality: 0.30769231, label: France, synced_at: 2026-08-01T09:15:28.915000000Z})","[:CO_OCCURS_WITH {occurrence_count: 10, confidence: 0.641832, extraction_method: gazetteer_cooccurrence, excerpt: The rationale for investigating winter 1963 was that this event stands as a record-shattering event for DJF mean temperatures. It was the longest and most rigorous winter recorded since the end of the 19th century in France, and it is 3.7 standard deviations below the trend in average winter temperatures in France from, page_pdf: 50, page_these: 35, chunk_id: paragraph_based_00216, synced_at: 2026-08-01T09:15:29.960000000Z, relation_id: cooccur_0028}]","(:Entity {community_id: 11, entity_type: Period, aliases: [winter 1963], occurrence_count: 48, betweenness_centrality: 0.07610701, closeness_centrality: 0.41042735, name: winter 1963, pages_pdf: [19, 22, 43, 45, 47, 50, 51, 53, 54, 55, 57, 58, 59, 60, 61, 68, 69, 70, 71, 72, 74, 75, 76, 78, 83, 86, 95], degree_centrality: 0.26153846, label: winter 1963, synced_at: 2026-08-01T09:15:28.915000000Z})"
"(:Entity {community_id: 3, entity_type: AtmosphericPattern, aliases: [GCM, General Circulation Model], occurrence_count: 6, betweenness_centrality: 0.0, closeness_centrality: 0.29550769, name: GCM, pages_pdf: [24, 84, 95, 105, 108], degree_centrality: 0.03076923, label: General Circulation Model, synced_at: 2026-08-01T09:15:28.915000000Z})","[:CO_OCCURS_WITH {occurrence_count: 4, confidence: 0.578755, extraction_method: gazetteer_cooccurrence, excerpt: Méthode Pour répondre à cette question, nous utilisons un Générateur de Temps Stochastique (SWG). Dans la première partie de ce chapitre, j'adapte le SWG, initialement conçu pour les vagues de chaleur extrêmes, à la simulation d'événements de froid extrême. J'utilise comme événement de référence, l'hiver 1963. Cet hive, page_pdf: 84, page_these: 69, chunk_id: paragraph_based_00444, synced_at: 2026-08-01T09:15:29.960000000Z, relation_id: cooccur_0068}]","(:Entity {community_id: 5, entity_type: Method, aliases: [SWG, Stochastic Weather Generator], occurrence_count: 199, betweenness_centrality: 0.07593782, closeness_centrality: 0.46173077, name: SWG, pages_pdf: [7, 19, 20, 30, 31, 34, 37, 38, 39, 40, 41, 43, 44, 45, 46, 47, 48, 50, 51, 52, 53, 54, 55, 56, 57, 58, 59, 60, 61, 62, 63, 64, 67, 73, 78, 79, 83, 84, 86, 87, 88, 90, 94, 95, 96, 97, 98, 99, 100, 101, 102, 103, 104, 105, 106, 108, 119, 120, 122, 123, 124, 125, 126, 144, 145, 147, 175, 176, 177, 178, 179, 180, 181, 182, 183, 184, 185, 186, 187, 188, 189, 190, 191, 192, 193, 194, 195, 196, 197, 198, 199, 200, 201, 202, 203, 204, 205], degree_centrality: 0.33846154, label: Stochastic Weather Generator, synced_at: 2026-08-01T09:15:28.915000000Z})"
"(:Entity {community_id: 5, entity_type: Concept, aliases: [Gessner et al.], occurrence_count: 13, betweenness_centrality: 0.00253396, closeness_centrality: 0.34521927, name: Gessner et al., pages_pdf: [29, 30, 50, 53, 73, 75, 77, 83, 84, 90, 95, 122, 126], degree_centrality: 0.09230769, label: Gessner et al., synced_at: 2026-08-01T09:15:28.915000000Z})","[:CO_OCCURS_WITH {occurrence_count: 7, confidence: 0.616355, extraction_method: gazetteer_cooccurrence, excerpt: In ensemble boosting (Gessner et al. 2021), the initialization is made prior to known extreme events to resample. Then the most intense trajectories are selected and the method leverages the chaotic nature of the climate system to generate an ensemble of diverse trajectories from slightly perturbed conditions some time, page_pdf: 30, page_these: 15, chunk_id: paragraph_based_00115, synced_at: 2026-08-01T09:15:29.960000000Z, relation_id: cooccur_0046}]","(:Entity {community_id: 5, entity_type: Method, aliases: [SWG, Stochastic Weather Generator], occurrence_count: 199, betweenness_centrality: 0.07593782, closeness_centrality: 0.46173077, name: SWG, pages_pdf: [7, 19, 20, 30, 31, 34, 37, 38, 39, 40, 41, 43, 44, 45, 46, 47, 48, 50, 51, 52, 53, 54, 55, 56, 57, 58, 59, 60, 61, 62, 63, 64, 67, 73, 78, 79, 83, 84, 86, 87, 88, 90, 94, 95, 96, 97, 98, 99, 100, 101, 102, 103, 104, 105, 106, 108, 119, 120, 122, 123, 124, 125, 126, 144, 145, 147, 175, 176, 177, 178, 179, 180, 181, 182, 183, 184, 185, 186, 187, 188, 189, 190, 191, 192, 193, 194, 195, 196, 197, 198, 199, 200, 201, 202, 203, 204, 205], degree_centrality: 0.33846154, label: Stochastic Weather Generator, synced_at: 2026-08-01T09:15:28.915000000Z})"
"(:Entity {community_id: 5, entity_type: Concept, aliases: [Gessner et al.], occurrence_count: 13, betweenness_centrality: 0.00253396, closeness_centrality: 0.34521927, name: Gessner et al., pages_pdf: [29, 30, 50, 53, 73, 75, 77, 83, 84, 90, 95, 122, 126], degree_centrality: 0.09230769, label: Gessner et al., synced_at: 2026-08-01T09:15:28.915000000Z})","[:CO_OCCURS_WITH {occurrence_count: 2, confidence: 0.537889, extraction_method: gazetteer_cooccurrence, excerpt: This chapter also presents a comparison study between the analogues-SWG and another rare event algorithm: the ensemble boosting of Gessner et al. (2021). The comparison shows that both methods perform similarly for the computation of extreme cold winters over Central Europe. The ensemble boosting simulated events are s, page_pdf: 83, page_these: 68, chunk_id: paragraph_based_00441, synced_at: 2026-08-01T09:15:29.960000000Z, relation_id: cooccur_0129}]","(:Entity {community_id: 5, entity_type: AtmosphericPattern, aliases: [atmospheric circulation], occurrence_count: 56, betweenness_centrality: 0.02913925, closeness_centrality: 0.43974359, name: atmospheric circulation, pages_pdf: [21, 25, 31, 35, 36, 37, 40, 46, 52, 56, 61, 69, 70, 71, 72, 73, 74, 75, 76, 77, 79, 83, 87, 88, 91, 93, 95, 96, 97, 99, 101, 103, 105, 107, 108, 122, 123], degree_centrality: 0.27692308, label: atmospheric circulation, synced_at: 2026-08-01T09:15:28.915000000Z})"
"(:Entity {community_id: 5, entity_type: Concept, aliases: [Gessner et al.], occurrence_count: 13, betweenness_centrality: 0.00253396, closeness_centrality: 0.34521927, name: Gessner et al., pages_pdf: [29, 30, 50, 53, 73, 75, 77, 83, 84, 90, 95, 122, 126], degree_centrality: 0.09230769, label: Gessner et al., synced_at: 2026-08-01T09:15:28.915000000Z})","[:CO_OCCURS_WITH {occurrence_count: 8, confidence: 0.625778, extraction_method: gazetteer_cooccurrence, excerpt: In ensemble boosting (Gessner et al. 2021), the initialization is made prior to known extreme events to resample. Then the most intense trajectories are selected and the method leverages the chaotic nature of the climate system to generate an ensemble of diverse trajectories from slightly perturbed conditions some time, page_pdf: 30, page_these: 15, chunk_id: paragraph_based_00115, synced_at: 2026-08-01T09:15:29.960000000Z, relation_id: cooccur_0042}]","(:Entity {community_id: 5, entity_type: Method, aliases: [ensemble boosting], occurrence_count: 17, betweenness_centrality: 0.00489698, closeness_centrality: 0.36572734, name: ensemble boosting, pages_pdf: [7, 30, 31, 50, 51, 54, 83, 84, 90, 95, 105, 122, 126], degree_centrality: 0.13846154, label: ensemble boosting, synced_at: 2026-08-01T09:15:28.915000000Z})"
"(:Entity {community_id: 5, entity_type: Concept, aliases: [Gessner et al.], occurrence_count: 13, betweenness_centrality: 0.00253396, closeness_centrality: 0.34521927, name: Gessner et al., pages_pdf: [29, 30, 50, 53, 73, 75, 77, 83, 84, 90, 95, 122, 126], degree_centrality: 0.09230769, label: Gessner et al., synced_at: 2026-08-01T09:15:28.915000000Z})","[:CO_OCCURS_WITH {occurrence_count: 2, confidence: 0.537889, extraction_method: gazetteer_cooccurrence, excerpt: Méthode Pour répondre à cette question, nous utilisons un Générateur de Temps Stochastique (SWG). Dans la première partie de ce chapitre, j'adapte le SWG, initialement conçu pour les vagues de chaleur extrêmes, à la simulation d'événements de froid extrême. J'utilise comme événement de référence, l'hiver 1963. Cet hive, page_pdf: 84, page_these: 69, chunk_id: paragraph_based_00444, synced_at: 2026-08-01T09:15:29.960000000Z, relation_id: cooccur_0130}]","(:Entity {community_id: 5, entity_type: Method, aliases: [ensemble boosting de Gessner et al. (2021)], occurrence_count: 2, betweenness_centrality: 0.0, closeness_centrality: 0.29316239, name: ensemble boosting de Gessner et al. (2021), pages_pdf: [84, 126], degree_centrality: 0.04615385, label: ensemble boosting de Gessner et al. (2021), synced_at: 2026-08-01T09:15:28.915000000Z})"
"(:Entity {community_id: 5, entity_type: Concept, aliases: [Gessner et al.], occurrence_count: 13, betweenness_centrality: 0.00253396, closeness_centrality: 0.34521927, name: Gessner et al., pages_pdf: [29, 30, 50, 53, 73, 75, 77, 83, 84, 90, 95, 122, 126], degree_centrality: 0.09230769, label: Gessner et al., synced_at: 2026-08-01T09:15:28.915000000Z})","[:CO_OCCURS_WITH {occurrence_count: 2, confidence: 0.537889, extraction_method: gazetteer_cooccurrence, excerpt: The question motivating the work presented in this chapter is to assess the plausibility of breaking cold records of the 20th century in the 21st century. This also stands as a case study of the use of the SWG for the study of extreme cold events, by investigating winter 1963 in Europe, and consolidates the method by c, page_pdf: 50, page_these: 35, chunk_id: paragraph_based_00215, synced_at: 2026-08-01T09:15:29.960000000Z, relation_id: cooccur_0131}]","(:Entity {community_id: 5, entity_type: ClimateEvent, aliases: [extreme cold events], occurrence_count: 39, betweenness_centrality: 0.01216174, closeness_centrality: 0.41042735, name: extreme cold events, pages_pdf: [16, 19, 20, 22, 23, 24, 25, 28, 31, 38, 40, 50, 52, 55, 60, 83, 86, 95, 99, 101, 107, 122, 123, 125, 144, 145, 147], degree_centrality: 0.21538462, label: extreme cold events, synced_at: 2026-08-01T09:15:28.915000000Z})"
"(:Entity {community_id: 1, entity_type: Location, aliases: [Greenland], occurrence_count: 4, betweenness_centrality: 0.0, closeness_centrality: 0.3358042, name: Greenland, pages_pdf: [22, 27, 76, 89], degree_centrality: 0.06153846, label: Greenland, synced_at: 2026-08-01T09:15:28.915000000Z})","[:CO_OCCURS_WITH {occurrence_count: 2, confidence: 0.537889, extraction_method: gazetteer_cooccurrence, excerpt: In the NAO-regime, the Azores anticyclone is highly weakened and an anticyclone over Iceland replaces the usual low pressure there. A highly negative NAO index (i.e. a predominant NAO-weather regime) is usually associated with cold winters in Europe (Van Loon and Rogers 1978; Hurrell 1995). For instance, winter of 2009, page_pdf: 22, page_these: 7, chunk_id: paragraph_based_00064, synced_at: 2026-08-01T09:15:29.960000000Z, relation_id: cooccur_0132}]","(:Entity {community_id: 1, entity_type: AtmosphericPattern, aliases: [NAO, North Atlantic Oscillation], occurrence_count: 18, betweenness_centrality: 0.03032069, closeness_centrality: 0.39296236, name: NAO, pages_pdf: [21, 22, 26, 27, 38, 53, 59, 69, 89, 96, 97, 103, 105, 108, 125], degree_centrality: 0.2, label: North Atlantic Oscillation, synced_at: 2026-08-01T09:15:28.915000000Z})"
"(:Entity {community_id: 1, entity_type: Location, aliases: [Greenland], occurrence_count: 4, betweenness_centrality: 0.0, closeness_centrality: 0.3358042, name: Greenland, pages_pdf: [22, 27, 76, 89], degree_centrality: 0.06153846, label: Greenland, synced_at: 2026-08-01T09:15:28.915000000Z})","[:CO_OCCURS_WITH {occurrence_count: 2, confidence: 0.537889, extraction_method: gazetteer_cooccurrence, excerpt: In the NAO-regime, the Azores anticyclone is highly weakened and an anticyclone over Iceland replaces the usual low pressure there. A highly negative NAO index (i.e. a predominant NAO-weather regime) is usually associated with cold winters in Europe (Van Loon and Rogers 1978; Hurrell 1995). For instance, winter of 2009, page_pdf: 22, page_these: 7, chunk_id: paragraph_based_00064, synced_at: 2026-08-01T09:15:29.960000000Z, relation_id: cooccur_0133}]","(:Entity {community_id: 1, entity_type: Location, aliases: [Western Europe], occurrence_count: 25, betweenness_centrality: 0.01492359, closeness_centrality: 0.40591716, name: Western Europe, pages_pdf: [16, 19, 20, 21, 22, 23, 25, 31, 37, 52, 53, 60, 68, 69, 88, 89, 96, 102, 105, 107, 123], degree_centrality: 0.21538462, label: Western Europe, synced_at: 2026-08-01T09:15:28.915000000Z})"
"(:Entity {community_id: 1, entity_type: Location, aliases: [Greenland], occurrence_count: 4, betweenness_centrality: 0.0, closeness_centrality: 0.3358042, name: Greenland, pages_pdf: [22, 27, 76, 89], degree_centrality: 0.06153846, label: Greenland, synced_at: 2026-08-01T09:15:28.915000000Z})","[:CO_OCCURS_WITH {occurrence_count: 2, confidence: 0.537889, extraction_method: gazetteer_cooccurrence, excerpt: In the NAO-regime, the Azores anticyclone is highly weakened and an anticyclone over Iceland replaces the usual low pressure there. A highly negative NAO index (i.e. a predominant NAO-weather regime) is usually associated with cold winters in Europe (Van Loon and Rogers 1978; Hurrell 1995). For instance, winter of 2009, page_pdf: 22, page_these: 7, chunk_id: paragraph_based_00064, synced_at: 2026-08-01T09:15:29.960000000Z, relation_id: cooccur_0134}]","(:Entity {community_id: 11, entity_type: Period, aliases: [winter 1963], occurrence_count: 48, betweenness_centrality: 0.07610701, closeness_centrality: 0.41042735, name: winter 1963, pages_pdf: [19, 22, 43, 45, 47, 50, 51, 53, 54, 55, 57, 58, 59, 60, 61, 68, 69, 70, 71, 72, 74, 75, 76, 78, 83, 86, 95], degree_centrality: 0.26153846, label: winter 1963, synced_at: 2026-08-01T09:15:28.915000000Z})"
"(:Entity {community_id: 5, entity_type: Organization, aliases: [IPCC, Intergovernmental Panel on Climate Change], occurrence_count: 6, betweenness_centrality: 0.02307692, closeness_centrality: 0.25831092, name: IPCC, pages_pdf: [17, 24, 36, 79], degree_centrality: 0.03076923, label: Intergovernmental Panel on Climate Change, synced_at: 2026-08-01T09:15:28.915000000Z})","[:CO_OCCURS_WITH {occurrence_count: 2, confidence: 0.537889, extraction_method: gazetteer_cooccurrence, excerpt: A climate extreme (extreme weather or climate event) is defined in the Intergovernmental Panel on Climate Change (IPCC) Glossary as ""the occurrence of a value of a weather or climate variable above (or below) a threshold value near the upper (or lower) ends of the range of observed values of the variable."" (IPCC 2021), page_pdf: 17, page_these: 2, chunk_id: paragraph_based_00032, synced_at: 2026-08-01T09:15:29.960000000Z, relation_id: cooccur_0135}]","(:Entity {community_id: 5, entity_type: Concept, aliases: [climate change], occurrence_count: 39, betweenness_centrality: 0.06844284, closeness_centrality: 0.38080888, name: climate change, pages_pdf: [16, 17, 18, 19, 24, 25, 28, 29, 31, 52, 53, 54, 55, 61, 62, 64, 67, 68, 75, 79, 80, 86, 89, 91, 95, 99, 101, 122, 123, 124, 125], degree_centrality: 0.15384615, label: climate change, synced_at: 2026-08-01T09:15:28.915000000Z})"
"(:Entity {community_id: 1, entity_type: AtmosphericPattern, aliases: [NAO, North Atlantic Oscillation], occurrence_count: 18, betweenness_centrality: 0.03032069, closeness_centrality: 0.39296236, name: NAO, pages_pdf: [21, 22, 26, 27, 38, 53, 59, 69, 89, 96, 97, 103, 105, 108, 125], degree_centrality: 0.2, label: North Atlantic Oscillation, synced_at: 2026-08-01T09:15:28.915000000Z})","[:CO_OCCURS_WITH {occurrence_count: 4, confidence: 0.578755, extraction_method: gazetteer_cooccurrence, excerpt: The jet stream is tightly linked to weather regimes, which are major drivers of midlatitude weather. Weather regime patterns are defined as recurrent and persistent circulation anomalies, in other words, quasi-stationary states of the atmosphere (Hannachi et al. 2017). They are obtained through statistical analysis (us, page_pdf: 21, page_these: 6, chunk_id: paragraph_based_00062, synced_at: 2026-08-01T09:15:29.960000000Z, relation_id: cooccur_0069}]","(:Entity {community_id: 1, entity_type: AtmosphericPattern, aliases: [NAO-, Negative Phase of the NAO], occurrence_count: 4, betweenness_centrality: 0.00349817, closeness_centrality: 0.32402159, name: NAO-, pages_pdf: [21, 26, 59, 89], degree_centrality: 0.04615385, label: Negative Phase of the NAO, synced_at: 2026-08-01T09:15:28.915000000Z})"
"(:Entity {community_id: 1, entity_type: AtmosphericPattern, aliases: [NAO, North Atlantic Oscillation], occurrence_count: 18, betweenness_centrality: 0.03032069, closeness_centrality: 0.39296236, name: NAO, pages_pdf: [21, 22, 26, 27, 38, 53, 59, 69, 89, 96, 97, 103, 105, 108, 125], degree_centrality: 0.2, label: North Atlantic Oscillation, synced_at: 2026-08-01T09:15:28.915000000Z})","[:CO_OCCURS_WITH {occurrence_count: 2, confidence: 0.537889, extraction_method: gazetteer_cooccurrence, excerpt: The jet stream is tightly linked to weather regimes, which are major drivers of midlatitude weather. Weather regime patterns are defined as recurrent and persistent circulation anomalies, in other words, quasi-stationary states of the atmosphere (Hannachi et al. 2017). They are obtained through statistical analysis (us, page_pdf: 21, page_these: 6, chunk_id: paragraph_based_00062, synced_at: 2026-08-01T09:15:29.960000000Z, relation_id: cooccur_0136}]","(:Entity {community_id: 1, entity_type: AtmosphericPattern, aliases: [SB, Scandinavian Blocking], occurrence_count: 3, betweenness_centrality: 0.02307692, closeness_centrality: 0.33277893, name: SB, pages_pdf: [21, 22, 23], degree_centrality: 0.07692308, label: Scandinavian Blocking, synced_at: 2026-08-01T09:15:28.915000000Z})"
"(:Entity {community_id: 1, entity_type: AtmosphericPattern, aliases: [NAO, North Atlantic Oscillation], occurrence_count: 18, betweenness_centrality: 0.03032069, closeness_centrality: 0.39296236, name: NAO, pages_pdf: [21, 22, 26, 27, 38, 53, 59, 69, 89, 96, 97, 103, 105, 108, 125], degree_centrality: 0.2, label: North Atlantic Oscillation, synced_at: 2026-08-01T09:15:28.915000000Z})","[:CO_OCCURS_WITH {occurrence_count: 6, confidence: 0.605673, extraction_method: gazetteer_cooccurrence, excerpt: Results are compared with SWG simulations putting the importance sampling over temperature (as in previous simulations), a simple NAO index (NAOi: computed between the two gridpoints closest to the stations located in Iceland and the Azores, page_pdf: 96, page_these: 81, chunk_id: paragraph_based_00533, synced_at: 2026-08-01T09:15:29.960000000Z, relation_id: cooccur_0055}]","(:Entity {community_id: 5, entity_type: Method, aliases: [SWG, Stochastic Weather Generator], occurrence_count: 199, betweenness_centrality: 0.07593782, closeness_centrality: 0.46173077, name: SWG, pages_pdf: [7, 19, 20, 30, 31, 34, 37, 38, 39, 40, 41, 43, 44, 45, 46, 47, 48, 50, 51, 52, 53, 54, 55, 56, 57, 58, 59, 60, 61, 62, 63, 64, 67, 73, 78, 79, 83, 84, 86, 87, 88, 90, 94, 95, 96, 97, 98, 99, 100, 101, 102, 103, 104, 105, 106, 108, 119, 120, 122, 123, 124, 125, 126, 144, 145, 147, 175, 176, 177, 178, 179, 180, 181, 182, 183, 184, 185, 186, 187, 188, 189, 190, 191, 192, 193, 194, 195, 196, 197, 198, 199, 200, 201, 202, 203, 204, 205], degree_centrality: 0.33846154, label: Stochastic Weather Generator, synced_at: 2026-08-01T09:15:28.915000000Z})"
"(:Entity {community_id: 1, entity_type: AtmosphericPattern, aliases: [NAO, North Atlantic Oscillation], occurrence_count: 18, betweenness_centrality: 0.03032069, closeness_centrality: 0.39296236, name: NAO, pages_pdf: [21, 22, 26, 27, 38, 53, 59, 69, 89, 96, 97, 103, 105, 108, 125], degree_centrality: 0.2, label: North Atlantic Oscillation, synced_at: 2026-08-01T09:15:28.915000000Z})","[:CO_OCCURS_WITH {occurrence_count: 4, confidence: 0.578755, extraction_method: gazetteer_cooccurrence, excerpt: Z500 mean anomalies maps during the coldest 15-day cold spells in ERA5 show a dipole between Iceland and southwestern Europe. Therefore, to investigate the dynamics of cold spells in France, we compute a Western Europe Cold Circulation index (WCC), which characterizes this atmospheric pattern, by subtracting the mean o, page_pdf: 96, page_these: 81, chunk_id: paragraph_based_00527, synced_at: 2026-08-01T09:15:29.960000000Z, relation_id: cooccur_0070}]","(:Entity {community_id: 3, entity_type: Location, aliases: [WCC, Western Europe Cold Circulation index], occurrence_count: 20, betweenness_centrality: 0.02509039, closeness_centrality: 0.37692308, name: WCC, pages_pdf: [96, 97, 99, 101, 102, 103, 104, 105, 107, 108, 120], degree_centrality: 0.16923077, label: Western Europe Cold Circulation index, synced_at: 2026-08-01T09:15:28.915000000Z})"
"(:Entity {community_id: 1, entity_type: AtmosphericPattern, aliases: [NAO, North Atlantic Oscillation], occurrence_count: 18, betweenness_centrality: 0.03032069, closeness_centrality: 0.39296236, name: NAO, pages_pdf: [21, 22, 26, 27, 38, 53, 59, 69, 89, 96, 97, 103, 105, 108, 125], degree_centrality: 0.2, label: North Atlantic Oscillation, synced_at: 2026-08-01T09:15:28.915000000Z})","[:CO_OCCURS_WITH {occurrence_count: 5, confidence: 0.593341, extraction_method: gazetteer_cooccurrence, excerpt: The North Atlantic winter jet is eddy driven and usually well separated from the subtropical jet. But the co-occurrence of thermal and eddy-driven jet mechanisms can result in a single merged jet. The configuration, latitude, speed and meandering of the jet stream are linked to different planetary wave activities and c, page_pdf: 21, page_these: 6, chunk_id: paragraph_based_00060, synced_at: 2026-08-01T09:15:29.960000000Z, relation_id: cooccur_0060}]","(:Entity {community_id: 1, entity_type: Location, aliases: [Western Europe], occurrence_count: 25, betweenness_centrality: 0.01492359, closeness_centrality: 0.40591716, name: Western Europe, pages_pdf: [16, 19, 20, 21, 22, 23, 25, 31, 37, 52, 53, 60, 68, 69, 88, 89, 96, 102, 105, 107, 123], degree_centrality: 0.21538462, label: Western Europe, synced_at: 2026-08-01T09:15:28.915000000Z})"
"(:Entity {community_id: 1, entity_type: AtmosphericPattern, aliases: [NAO, North Atlantic Oscillation], occurrence_count: 18, betweenness_centrality: 0.03032069, closeness_centrality: 0.39296236, name: NAO, pages_pdf: [21, 22, 26, 27, 38, 53, 59, 69, 89, 96, 97, 103, 105, 108, 125], degree_centrality: 0.2, label: North Atlantic Oscillation, synced_at: 2026-08-01T09:15:28.915000000Z})","[:CO_OCCURS_WITH {occurrence_count: 3, confidence: 0.560904, extraction_method: gazetteer_cooccurrence, excerpt: Z500 mean anomalies maps during the coldest 15-day cold spells in ERA5 show a dipole between Iceland and southwestern Europe. Therefore, to investigate the dynamics of cold spells in France, we compute a Western Europe Cold Circulation index (WCC), which characterizes this atmospheric pattern, by subtracting the mean o, page_pdf: 96, page_these: 81, chunk_id: paragraph_based_00527, synced_at: 2026-08-01T09:15:29.960000000Z, relation_id: cooccur_0096}]","(:Entity {community_id: 3, entity_type: Concept, aliases: [Z500], occurrence_count: 55, betweenness_centrality: 0.00361009, closeness_centrality: 0.38882591, name: Z500, pages_pdf: [35, 36, 37, 38, 40, 46, 47, 48, 51, 73, 86, 87, 91, 93, 94, 96, 101, 102, 103, 104, 107, 108, 119, 124, 175, 176, 177, 178, 179, 180, 181, 182, 183, 184, 185, 186, 187, 188, 189, 190, 191, 192, 193, 194, 195], degree_centrality: 0.16923077, label: Z500, synced_at: 2026-08-01T09:15:28.915000000Z})"
"(:Entity {community_id: 1, entity_type: AtmosphericPattern, aliases: [NAO, North Atlantic Oscillation], occurrence_count: 18, betweenness_centrality: 0.03032069, closeness_centrality: 0.39296236, name: NAO, pages_pdf: [21, 22, 26, 27, 38, 53, 59, 69, 89, 96, 97, 103, 105, 108, 125], degree_centrality: 0.2, label: North Atlantic Oscillation, synced_at: 2026-08-01T09:15:28.915000000Z})","[:CO_OCCURS_WITH {occurrence_count: 4, confidence: 0.578755, extraction_method: gazetteer_cooccurrence, excerpt: The North Atlantic winter jet is eddy driven and usually well separated from the subtropical jet. But the co-occurrence of thermal and eddy-driven jet mechanisms can result in a single merged jet. The configuration, latitude, speed and meandering of the jet stream are linked to different planetary wave activities and c, page_pdf: 21, page_these: 6, chunk_id: paragraph_based_00060, synced_at: 2026-08-01T09:15:29.960000000Z, relation_id: cooccur_0071}]","(:Entity {community_id: 5, entity_type: AtmosphericPattern, aliases: [atmospheric circulation], occurrence_count: 56, betweenness_centrality: 0.02913925, closeness_centrality: 0.43974359, name: atmospheric circulation, pages_pdf: [21, 25, 31, 35, 36, 37, 40, 46, 52, 56, 61, 69, 70, 71, 72, 73, 74, 75, 76, 77, 79, 83, 87, 88, 91, 93, 95, 96, 97, 99, 101, 103, 105, 107, 108, 122, 123], degree_centrality: 0.27692308, label: atmospheric circulation, synced_at: 2026-08-01T09:15:28.915000000Z})"
"(:Entity {community_id: 1, entity_type: AtmosphericPattern, aliases: [NAO, North Atlantic Oscillation], occurrence_count: 18, betweenness_centrality: 0.03032069, closeness_centrality: 0.39296236, name: NAO, pages_pdf: [21, 22, 26, 27, 38, 53, 59, 69, 89, 96, 97, 103, 105, 108, 125], degree_centrality: 0.2, label: North Atlantic Oscillation, synced_at: 2026-08-01T09:15:28.915000000Z})","[:CO_OCCURS_WITH {occurrence_count: 4, confidence: 0.578755, extraction_method: gazetteer_cooccurrence, excerpt: The North Atlantic winter jet is eddy driven and usually well separated from the subtropical jet. But the co-occurrence of thermal and eddy-driven jet mechanisms can result in a single merged jet. The configuration, latitude, speed and meandering of the jet stream are linked to different planetary wave activities and c, page_pdf: 21, page_these: 6, chunk_id: paragraph_based_00060, synced_at: 2026-08-01T09:15:29.960000000Z, relation_id: cooccur_0072}]","(:Entity {community_id: 1, entity_type: AtmosphericPattern, aliases: [jet stream], occurrence_count: 8, betweenness_centrality: 0.00660256, closeness_centrality: 0.35517751, name: jet stream, pages_pdf: [20, 21, 22, 26, 69, 89], degree_centrality: 0.12307692, label: jet stream, synced_at: 2026-08-01T09:15:28.915000000Z})"
"(:Entity {community_id: 1, entity_type: AtmosphericPattern, aliases: [NAO, North Atlantic Oscillation], occurrence_count: 18, betweenness_centrality: 0.03032069, closeness_centrality: 0.39296236, name: NAO, pages_pdf: [21, 22, 26, 27, 38, 53, 59, 69, 89, 96, 97, 103, 105, 108, 125], degree_centrality: 0.2, label: North Atlantic Oscillation, synced_at: 2026-08-01T09:15:28.915000000Z})","[:CO_OCCURS_WITH {occurrence_count: 3, confidence: 0.560904, extraction_method: gazetteer_cooccurrence, excerpt: In the NAO-regime, the Azores anticyclone is highly weakened and an anticyclone over Iceland replaces the usual low pressure there. A highly negative NAO index (i.e. a predominant NAO-weather regime) is usually associated with cold winters in Europe (Van Loon and Rogers 1978; Hurrell 1995). For instance, winter of 2009, page_pdf: 22, page_these: 7, chunk_id: paragraph_based_00064, synced_at: 2026-08-01T09:15:29.960000000Z, relation_id: cooccur_0097}]","(:Entity {community_id: 11, entity_type: Period, aliases: [winter 1963], occurrence_count: 48, betweenness_centrality: 0.07610701, closeness_centrality: 0.41042735, name: winter 1963, pages_pdf: [19, 22, 43, 45, 47, 50, 51, 53, 54, 55, 57, 58, 59, 60, 61, 68, 69, 70, 71, 72, 74, 75, 76, 78, 83, 86, 95], degree_centrality: 0.26153846, label: winter 1963, synced_at: 2026-08-01T09:15:28.915000000Z})"
"(:Entity {community_id: 7, entity_type: AtmosphericPattern, aliases: [NAO+, NAO-, Atlantic ridge, Scandinavian Blocking], occurrence_count: 0, betweenness_centrality: 0.0, closeness_centrality: 0.01538462, name: NAO+, NAO-, Atlantic ridge, Scandinavian Blocking, pages_pdf: [], degree_centrality: 0.01538462, label: NAO+, NAO-, Atlantic ridge, Scandinavian Blocking, synced_at: 2026-08-01T09:15:28.915000000Z})","[:ASSOCIATED_WITH {original_predicate: CHARACTERIZE, confidence: 0.95, extraction_method: verified_evaluation_annotation, excerpt: Four main regimes are usually sufficient to characterize wintertime weather: the NAO+ and NAO-, opposite phases of the NAO, the Atlantic ridge (AR) and the Scandinavian blocking (SB) (Madonna et al., page_pdf: 21, page_these: 6, chunk_id: paragraph_based_00062, synced_at: 2026-08-01T09:15:29.071000000Z, relation_id: verified_rel_002}]","(:Entity {community_id: 7, entity_type: AtmosphericPattern, aliases: [la circulation hivernale en Atlantique Nord], occurrence_count: 0, betweenness_centrality: 0.0, closeness_centrality: 0.01538462, name: la circulation hivernale en Atlantique Nord, pages_pdf: [], degree_centrality: 0.01538462, label: la circulation hivernale en Atlantique Nord, synced_at: 2026-08-01T09:15:28.915000000Z})"
"(:Entity {community_id: 1, entity_type: Concept, aliases: [QBO, Quasi-Biennial Oscillation], occurrence_count: 3, betweenness_centrality: 0.0, closeness_centrality: 0.32120401, name: QBO, pages_pdf: [27, 69, 144], degree_centrality: 0.04615385, label: Quasi-Biennial Oscillation, synced_at: 2026-08-01T09:15:28.915000000Z})","[:CO_OCCURS_WITH {occurrence_count: 2, confidence: 0.537889, extraction_method: gazetteer_cooccurrence, excerpt: A reversal of the mean zonal winds of the stratospheric polar vortex is called a Sudden Stratospheric Warming (SSW). SSWs affect mid-latitude cold extremes, especially in North America and Europe (Butler et al. 2017). The record winter of 1963 featured a SSW in January 1963, which could have enhanced the NAO weather re, page_pdf: 27, page_these: 12, chunk_id: paragraph_based_00099, synced_at: 2026-08-01T09:15:29.960000000Z, relation_id: cooccur_0137}]","(:Entity {community_id: 1, entity_type: ClimateEvent, aliases: [SSW, Sudden Stratospheric Warming], occurrence_count: 5, betweenness_centrality: 0.0, closeness_centrality: 0.32120401, name: SSW, pages_pdf: [27, 29, 30, 69], degree_centrality: 0.04615385, label: Sudden Stratospheric Warming, synced_at: 2026-08-01T09:15:28.915000000Z})"